33 Max VERSTAPPEN,,MV_Laptime_s,MV_Cumulative,,11 Sergio PEREZ,,SP_Laptime_s,SP_Cumulative,,89 Jack AITKEN,,AIT_Laptime_s,AIT_Cumulative,,23 Alex ALBON,,AA_Laptime_s,AA_Cumulative,,4 Lando NORRIS,,LN_Laptime_s,LN_Cumulative,,6 Nicholas LATIFI,,NL_Laptime_s,NL_Cumulative,,10 Pierre GASLY,,PG_Laptime_s,PG_Cumulative,,31 Esteban OCON,,EO_Laptime_s,EO_Cumulative,,5 Seb VETTEL,,SV_Laptime_s,SV_Cumulative,,18 Lance STROLL,,LS_Laptime_s,LS_Cumulative,,16 Charles LECLERC,,CL_Laptime_s,CL_Cumulative,,55 Carlos SAINZ,,CS_Laptime_s,CS_Cumulative,,20 Kevin MAGNUSSEN,,KM_Laptime_s,KM_Cumulative,,51 Pietro FITTIPALDI,,PF_Laptime_s,PF_Cumulative,,3 Daniel RICCIARDO,,RIC_Laptime_s,RIC_Cumulative,,26 Daniil Kvyat,,DK_Laptime_s,DK_Cumulative,,99 Antonio GIO,,AG_Laptime_s,AG_Cumulative,,77 Valterri BOTTAS,,VB_Laptime_s,VB_Cumulative,,7 Kimi RAI,,KR_Laptime_s,KR_Cumulative,,63 George RUSSELL,,GR_Laptime_s,GR_Cumulative,,,,RBR1,RP1,SF1,MCL2,M-AMG1,M_AMG2,SF2,RP2,MCL1,WIL1,REN1,ATO1,ATO2,REN2,RBR2,WIL2,HAS1,HAS2,SAUB1,SAUB2
,,#VALUE!,#VALUE!,,1 P 1:40.485,1:40.485,100.485,100.485,,1 1:35.051,1:35.051,95.051,95.051,,1 1:32.043,1:32.043,92.043,92.043,,1 1:29.104,1:29.104,89.104,89.104,,1 1:33.729,1:33.729,93.729,93.729,,1 1:22.823,1:22.823,82.823,82.823,,1 1:24.225,1:24.225,84.225,84.225,,1 1:26.790,1:26.790,86.790,86.790,,1 1:20.518,1:20.518,80.518,80.518,,,,#VALUE!,#VALUE!,,1 1:14.191,1:14.191,74.191,74.191,,1 1:30.611,1:30.611,90.611,90.611,,1 1:36.641,1:36.641,96.641,96.641,,1 1:18.025,1:18.025,78.025,78.025,,1 1:19.601,1:19.601,79.601,79.601,,1 1:32.831,1:32.831,92.831,92.831,,1 1:12.014,1:12.014,72.014,72.014,,1 1:38.030,1:38.030,98.03,98.03,,1 1:08.922,1:08.922,68.922,68.922,,,RefTime,VER,PER,LEC,SAI,BOT,RUS,VET,STR,NOR,LAT,OCO,GAS,KVY,RIC,ALB,AIT,MAG,FIT,RAI,GIO
,,#VALUE!,#VALUE!,,2 1:32.531,1:32.531,92.531,193.016,,2 1:34.286,1:34.286,94.286,189.337,,2 1:33.111,1:33.111,93.111,185.154,,2 1:33.198,1:33.198,93.198,182.302,,2 1:33.989,1:33.989,93.989,187.718,,2 1:33.553,1:33.553,93.553,176.376,,2 1:33.924,1:33.924,93.924,178.149,,2 1:32.827,1:32.827,92.827,179.617,,2 1:34.619,1:34.619,94.619,175.137,,,,#VALUE!,#VALUE!,,2 1:35.563,1:35.563,95.563,169.754,,2 1:33.259,1:33.259,93.259,183.87,,2 1:33.180,1:33.180,93.18,189.821,,2 1:33.786,1:33.786,93.786,171.811,,2 1:34.319,1:34.319,94.319,173.92,,2 1:33.445,1:33.445,93.445,186.276,,2 1:36.914,1:36.914,96.914,168.928,,2 1:34.001,1:34.001,94.001,192.031,,2 1:38.421,1:38.421,98.421,167.343,,1,62.932,,37.553,,11.259,9.082,5.990,23.858,17.586,26.172,30.797,21.293,19.891,16.669,15.093,29.111,32.119,27.679,33.709,35.098,29.899
,,#VALUE!,#VALUE!,,3 1:32.331,1:32.331,92.331,285.347,,3 1:30.745,1:30.745,90.745,280.082,,3 1:30.929,1:30.929,90.929,276.083,,3 1:31.167,1:31.167,91.167,273.469,,3 1:29.389,1:29.389,89.389,277.107,,3 1:31.409,1:31.409,91.409,267.785,,3 1:30.797,1:30.797,90.797,268.946,,3 1:31.236,1:31.236,91.236,270.853,,3 1:30.389,1:30.389,90.389,265.526,,,,#VALUE!,#VALUE!,,3 1:29.628,1:29.628,89.628,259.382,,3 1:30.789,1:30.789,90.789,274.659,,3 1:31.123,1:31.123,91.123,280.944,,3 1:30.443,1:30.443,90.443,262.254,,3 1:30.678,1:30.678,90.678,264.598,,3 1:31.983,1:31.983,91.983,278.259,,3 1:29.641,1:29.641,89.641,258.569,,3 1:30.648,1:30.648,90.648,282.679,,3 1:29.830,1:29.830,89.83,257.173,,2,125.865,,67.151,,43.889,43.063,41.478,53.752,49.272,56.437,61.853,52.284,50.511,48.055,45.946,59.289,63.472,58.005,63.956,66.166,60.411
,,#VALUE!,#VALUE!,,4 1:29.676,1:29.676,89.676,375.023,,4 1:30.538,1:30.538,90.538,370.620,,4 1:29.894,1:29.894,89.894,365.977,,4 1:29.521,1:29.521,89.521,362.990,,4 1:29.909,1:29.909,89.909,367.016,,4 1:29.513,1:29.513,89.513,357.298,,4 1:29.625,1:29.625,89.625,358.571,,4 1:30.514,1:30.514,90.514,361.367,,4 1:30.509,1:30.509,90.509,356.035,,,,#VALUE!,#VALUE!,,4 1:32.053,1:32.053,92.053,351.435,,4 1:29.707,1:29.707,89.707,364.366,,4 1:31.219,1:31.219,91.219,372.163,,4 1:30.233,1:30.233,90.233,352.487,,4 1:29.735,1:29.735,89.735,354.333,,4 1:29.852,1:29.852,89.852,368.111,,4 1:31.822,1:31.822,91.822,350.391,,4 1:31.412,1:31.412,91.412,374.091,,4 1:32.256,1:32.256,92.256,349.429,,3,188.797,,96.550,,70.585,69.772,68.376,82.056,76.729,84.672,88.310,80.149,78.988,75.801,73.457,87.286,91.285,85.862,92.147,93.882,89.462
,,#VALUE!,#VALUE!,,5 1:31.635,1:31.635,91.635,466.658,,5 1:32.414,1:32.414,92.414,463.034,,5 1:32.214,1:32.214,92.214,458.191,,5 1:33.888,1:33.888,93.888,456.878,,5 1:33.586,1:33.586,93.586,460.602,,5 1:32.311,1:32.311,92.311,449.609,,5 1:32.817,1:32.817,92.817,451.388,,5 1:33.130,1:33.130,93.130,454.497,,5 1:31.719,1:31.719,91.719,447.754,,,,#VALUE!,#VALUE!,,5 1:30.161,1:30.161,90.161,441.596,,5 1:35.575,1:35.575,95.575,459.941,,5 1:31.944,1:31.944,91.944,464.107,,5 1:31.533,1:31.533,91.533,444.02,,5 1:31.994,1:31.994,91.994,446.327,,5 1:33.552,1:33.552,93.552,461.663,,5 1:30.462,1:30.462,90.462,440.853,,5 1:31.130,1:31.130,91.13,465.221,,5 1:30.133,1:30.133,90.133,439.562,,4,251.729,,123.294,,99.706,98.662,97.700,109.638,104.306,111.261,115.287,106.842,105.569,102.604,100.758,114.248,118.891,112.637,120.434,122.362,116.382
,,#VALUE!,#VALUE!,,6 1:10.061,1:10.061,70.061,536.719,,6 1:11.998,1:11.998,71.998,535.032,,6 1:14.614,1:14.614,74.614,532.805,,6 1:15.339,1:15.339,75.339,532.217,,6 1:12.926,1:12.926,72.926,533.528,,6 1:21.472,1:21.472,81.472,531.081,,6 1:20.122,1:20.122,80.122,531.510,,6 1:17.607,1:17.607,77.607,532.104,,6 1:22.843,1:22.843,82.843,530.597,,,,#VALUE!,#VALUE!,,6 1:27.502,1:27.502,87.502,529.098,,6 1:13.441,1:13.441,73.441,533.382,,6 1:11.799,1:11.799,71.799,535.906,,6 1:25.655,1:25.655,85.655,529.675,,6 1:23.865,1:23.865,83.865,530.192,,6 1:12.671,1:12.671,72.671,534.334,,6 1:28.014,1:28.014,88.014,528.867,,6 1:11.179,1:11.179,71.179,536.4,,6 1:28.698,1:28.698,88.698,528.26,,5,314.662,,151.996,,126.934,126.191,124.900,139.835,133.092,142.216,145.940,136.726,134.947,131.665,129.358,143.529,148.372,145.279,149.445,150.559,147.001
,,#VALUE!,#VALUE!,,7 0:59.233,0:59.233,59.233,595.952,,7 1:00.720,1:00.720,60.720,595.752,,7 1:00.507,1:00.507,60.507,593.312,,7 1:00.390,1:00.390,60.390,592.607,,7 1:01.408,1:01.408,61.408,594.936,,7 0:59.592,0:59.592,59.592,590.673,,7 0:59.717,0:59.717,59.717,591.227,,7 1:00.094,1:00.094,60.094,592.198,,7 0:59.626,0:59.626,59.626,590.223,,,,#VALUE!,#VALUE!,,7 0:59.252,0:59.252,59.252,588.35,,7 1:00.991,1:00.991,60.991,594.373,,7 1:00.520,1:00.520,60.52,596.426,,7 0:59.429,0:59.429,59.429,589.104,,7 0:59.528,0:59.528,59.528,589.72,,7 1:00.959,1:00.959,60.959,595.293,,7 0:58.679,0:58.679,58.679,587.546,,7 1:00.593,1:00.593,60.593,596.993,,7 0:58.160,0:58.160,58.16,586.42,,6,377.594,,159.125,,151.504,151.273,150.666,154.510,153.003,154.623,155.934,153.916,153.487,152.598,152.081,155.211,157.438,155.788,158.312,158.806,156.740
,,#VALUE!,#VALUE!,,8 0:59.698,0:59.698,59.698,655.650,,8 1:00.981,1:00.981,60.981,656.733,,8 0:59.490,0:59.490,59.490,652.802,,8 0:59.242,0:59.242,59.242,651.849,,8 1:00.136,1:00.136,60.136,655.072,,8 0:59.323,0:59.323,59.323,649.996,,8 0:59.450,0:59.450,59.450,650.677,,8 1:00.729,1:00.729,60.729,652.927,,8 0:59.239,0:59.239,59.239,649.462,,,,#VALUE!,#VALUE!,,8 0:58.824,0:58.824,58.824,647.174,,8 0:59.709,0:59.709,59.709,654.082,,8 1:01.593,1:01.593,61.593,658.019,,8 0:59.060,0:59.060,59.06,648.164,,8 0:59.136,0:59.136,59.136,648.856,,8 1:00.648,1:00.648,60.648,655.941,,8 0:58.692,0:58.692,58.692,646.238,,8 1:00.346,1:00.346,60.346,657.339,,8 0:58.236,0:58.236,58.236,644.656,,7,440.526,,155.426,,147.824,147.020,145.894,151.672,149.697,152.081,154.410,150.701,150.147,149.194,148.578,152.786,155.226,153.847,155.900,156.467,154.767
,,#VALUE!,#VALUE!,,9 0:58.746,0:58.746,58.746,714.396,,9 1:00.011,1:00.011,60.011,716.744,,9 1:00.000,1:00.000,60.000,712.802,,9 0:58.936,0:58.936,58.936,710.785,,9 1:00.554,1:00.554,60.554,715.626,,9 0:58.997,0:58.997,58.997,708.993,,9 0:59.452,0:59.452,59.452,710.129,,9 0:59.187,0:59.187,59.187,712.114,,9 0:58.710,0:58.710,58.710,708.172,,,,#VALUE!,#VALUE!,,9 0:58.789,0:58.789,58.789,705.963,,9 0:59.875,0:59.875,59.875,713.957,,9 1:00.054,1:00.054,60.054,718.073,,9 0:58.716,0:58.716,58.716,706.88,,9 0:58.667,0:58.667,58.667,707.523,,9 1:00.178,1:00.178,60.178,716.119,,9 0:58.284,0:58.284,58.284,704.522,,9 1:00.162,1:00.162,60.162,717.501,,9 0:58.059,0:58.059,58.059,702.715,,8,503.459,,152.191,,143.715,142.779,141.197,149.468,146.003,148.390,151.613,147.218,146.537,145.397,144.705,149.343,153.274,150.623,154.560,153.880,152.482
,,#VALUE!,#VALUE!,,10 0:58.095,0:58.095,58.095,772.491,,10 1:01.550,1:01.550,61.550,778.294,,10 0:58.940,0:58.940,58.940,771.742,,10 0:59.055,0:59.055,59.055,769.840,,10 1:00.107,1:00.107,60.107,775.733,,10 0:58.558,0:58.558,58.558,767.551,,10 0:58.794,0:58.794,58.794,768.923,,10 0:59.114,0:59.114,59.114,771.228,,10 0:58.894,0:58.894,58.894,767.066,,,,#VALUE!,#VALUE!,,10 0:58.779,0:58.779,58.779,764.742,,10 1:00.093,1:00.093,60.093,774.05,,10 1:00.674,1:00.674,60.674,778.747,,10 0:58.856,0:58.856,58.856,765.736,,10 0:58.888,0:58.888,58.888,766.411,,10 1:00.796,1:00.796,60.796,776.915,,10 0:58.458,0:58.458,58.458,762.98,,10 1:00.419,1:00.419,60.419,777.92,,10 0:58.329,0:58.329,58.329,761.044,,9,566.391,,148.005,,139.572,138.131,136.324,145.723,141.781,144.394,149.235,143.738,142.602,141.132,140.489,146.411,150.353,147.566,151.682,151.110,149.728
,,#VALUE!,#VALUE!,,11 0:59.438,0:59.438,59.438,831.929,,11 1:00.576,1:00.576,60.576,838.870,,11 0:59.384,0:59.384,59.384,831.126,,11 0:59.046,0:59.046,59.046,828.886,,11 0:59.644,0:59.644,59.644,835.377,,11 0:58.884,0:58.884,58.884,826.435,,11 0:58.848,0:58.848,58.848,827.771,,11 1:01.424,1:01.424,61.424,832.652,,11 0:58.730,0:58.730,58.730,825.796,,,,#VALUE!,#VALUE!,,11 0:58.637,0:58.637,58.637,823.379,,11 0:59.805,0:59.805,59.805,833.855,,11 1:01.830,1:01.830,61.83,840.577,,11 0:58.546,0:58.546,58.546,824.282,,11 0:58.587,0:58.587,58.587,824.998,,11 0:59.474,0:59.474,59.474,836.389,,11 0:58.091,0:58.091,58.091,821.071,,11 1:02.009,1:02.009,62.009,839.929,,11 0:58.252,0:58.252,58.252,819.296,,10,629.323,,143.168,,135.419,133.657,131.721,141.905,137.743,140.517,146.410,139.600,138.228,137.088,136.413,142.419,148.971,144.727,149.424,148.597,147.592
,,#VALUE!,#VALUE!,,12 0:59.026,0:59.026,59.026,890.955,,12 0:59.699,0:59.699,59.699,898.569,,12 0:58.923,0:58.923,58.923,890.049,,12 0:59.342,0:59.342,59.342,888.228,,12 0:59.647,0:59.647,59.647,895.024,,12 0:58.749,0:58.749,58.749,885.184,,12 0:58.986,0:58.986,58.986,886.757,,12 0:59.519,0:59.519,59.519,892.171,,12 0:58.630,0:58.630,58.630,884.426,,,,#VALUE!,#VALUE!,,12 0:58.741,0:58.741,58.741,882.12,,12 1:00.033,1:00.033,60.033,893.888,,12 1:00.158,1:00.158,60.158,900.735,,12 0:58.774,0:58.774,58.774,883.056,,12 0:58.809,0:58.809,58.809,883.807,,12 0:59.543,0:59.543,59.543,895.932,,12 0:58.258,0:58.258,58.258,879.329,,12 0:59.934,0:59.934,59.934,899.863,,12 0:58.223,0:58.223,58.223,877.519,,11,692.256,,139.673,,131.123,128.815,127.040,140.396,133.540,136.630,143.121,135.515,134.179,132.742,132.026,138.870,146.614,141.599,148.321,147.673,144.133
,,#VALUE!,#VALUE!,,13 0:58.651,0:58.651,58.651,949.606,,13 0:59.737,0:59.737,59.737,958.306,,13 0:58.760,0:58.760,58.760,948.809,,13 0:59.230,0:59.230,59.230,947.458,,13 0:59.733,0:59.733,59.733,954.757,,13 0:58.815,0:58.815,58.815,943.999,,13 0:58.910,0:58.910,58.910,945.667,,13 0:59.457,0:59.457,59.457,951.628,,13 0:59.008,0:59.008,59.008,943.434,,,,#VALUE!,#VALUE!,,13 0:58.980,0:58.980,58.98,941.1,,13 0:59.956,0:59.956,59.956,953.844,,13 0:59.978,0:59.978,59.978,960.713,,13 0:59.070,0:59.070,59.07,942.126,,13 0:58.955,0:58.955,58.955,942.762,,13 0:59.661,0:59.661,59.661,955.593,,13 0:58.528,0:58.528,58.528,937.857,,13 1:00.015,1:00.015,60.015,959.878,,13 0:58.210,0:58.210,58.21,935.729,,12,755.188,,135.767,,126.932,124.141,122.331,136.983,129.238,133.040,139.836,131.569,129.996,128.619,127.868,134.861,143.381,138.700,145.547,144.675,140.744
,,#VALUE!,#VALUE!,,14 0:58.719,0:58.719,58.719,1008.325,,14 0:59.837,0:59.837,59.837,1018.143,,14 0:58.852,0:58.852,58.852,1007.661,,14 0:59.144,0:59.144,59.144,1006.602,,14 0:59.581,0:59.581,59.581,1014.338,,14 0:58.950,0:58.950,58.950,1002.949,,14 0:59.209,0:59.209,59.209,1004.876,,14 0:59.444,0:59.444,59.444,1011.072,,14 0:58.889,0:58.889,58.889,1002.323,,,,#VALUE!,#VALUE!,,14 0:58.920,0:58.920,58.92,1000.02,,14 0:59.709,0:59.709,59.709,1013.553,,14 0:59.997,0:59.997,59.997,1020.71,,14 0:58.891,0:58.891,58.891,1001.017,,14 0:59.074,0:59.074,59.074,1001.836,,14 0:59.547,0:59.547,59.547,1015.14,,14 0:58.412,0:58.412,58.412,996.269,,14 1:00.152,1:00.152,60.152,1020.03,,14 0:58.258,0:58.258,58.258,993.987,,13,818.120,,131.486,,122.980,119.737,117.609,133.508,125.314,129.338,136.637,127.547,125.879,124.642,124.006,130.689,140.186,135.724,142.593,141.758,137.473
,,#VALUE!,#VALUE!,,15 0:58.878,0:58.878,58.878,1067.203,,15 0:59.679,0:59.679,59.679,1077.822,,15 0:58.920,0:58.920,58.920,1066.581,,15 0:58.974,0:58.974,58.974,1065.576,,15 0:59.475,0:59.475,59.475,1073.813,,15 0:59.014,0:59.014,59.014,1061.963,,15 0:59.048,0:59.048,59.048,1063.924,,15 0:59.488,0:59.488,59.488,1070.560,,15 0:58.943,0:58.943,58.943,1061.266,,,,#VALUE!,#VALUE!,,15 0:58.844,0:58.844,58.844,1058.864,,15 0:59.750,0:59.750,59.75,1073.303,,15 1:00.167,1:00.167,60.167,1080.877,,15 0:59.036,0:59.036,59.036,1060.053,,15 0:58.916,0:58.916,58.916,1060.752,,15 0:59.385,0:59.385,59.385,1074.525,,15 0:58.323,0:58.323,58.323,1054.592,,15 0:59.905,0:59.905,59.905,1079.935,,15 0:58.351,0:58.351,58.351,1052.338,,14,881.053,,127.272,,118.967,115.216,112.934,130.019,121.270,125.549,133.285,123.823,121.896,120.783,119.964,126.608,137.090,132.500,139.657,138.977,134.087
,,#VALUE!,#VALUE!,,16 0:58.710,0:58.710,58.710,1125.913,,16 0:59.608,0:59.608,59.608,1137.430,,16 0:58.745,0:58.745,58.745,1125.326,,16 0:59.019,0:59.019,59.019,1124.595,,16 1:00.025,1:00.025,60.025,1133.838,,16 0:59.078,0:59.078,59.078,1121.041,,16 0:59.102,0:59.102,59.102,1123.026,,16 0:59.455,0:59.455,59.455,1130.015,,16 0:59.103,0:59.103,59.103,1120.369,,,,#VALUE!,#VALUE!,,16 0:58.824,0:58.824,58.824,1117.688,,16 1:02.312,1:02.312,62.312,1135.615,,16 0:59.951,0:59.951,59.951,1140.828,,16 0:58.800,0:58.800,58.8,1118.853,,16 0:58.972,0:58.972,58.972,1119.724,,16 1:00.155,1:00.155,60.155,1134.68,,16 0:58.245,0:58.245,58.245,1112.837,,16 0:59.961,0:59.961,59.961,1139.896,,16 0:58.008,0:58.008,58.008,1110.346,,15,943.985,,123.218,,114.879,110.607,108.353,126.575,117.281,121.591,129.828,119.939,117.978,116.767,116.068,122.596,133.837,129.318,136.892,135.950,130.540
,,#VALUE!,#VALUE!,,17 0:58.878,0:58.878,58.878,1184.791,,17 0:59.823,0:59.823,59.823,1197.253,,17 0:58.890,0:58.890,58.890,1184.216,,17 0:58.992,0:58.992,58.992,1183.587,,17 0:59.429,0:59.429,59.429,1193.267,,17 0:58.741,0:58.741,58.741,1179.782,,17 0:58.811,0:58.811,58.811,1181.837,,17 0:59.122,0:59.122,59.122,1189.137,,17 0:58.794,0:58.794,58.794,1179.163,,,,#VALUE!,#VALUE!,,17 0:58.924,0:58.924,58.924,1176.612,,17 0:59.770,0:59.770,59.77,1195.385,,17 0:59.889,0:59.889,59.889,1200.717,,17 0:58.821,0:58.821,58.821,1177.674,,17 0:58.775,0:58.775,58.775,1178.499,,17 0:59.333,0:59.333,59.333,1194.013,,17 0:57.978,0:57.978,57.978,1170.815,,17 1:00.036,1:00.036,60.036,1199.932,,17 0:58.169,0:58.169,58.169,1168.515,,16,1006.918,,118.995,,110.770,105.919,103.428,123.097,113.451,117.677,126.920,116.108,114.123,112.806,111.935,118.408,130.512,128.697,133.910,132.978,127.762
,,#VALUE!,#VALUE!,,18 0:59.089,0:59.089,59.089,1243.880,,18 0:59.805,0:59.805,59.805,1257.058,,18 0:59.241,0:59.241,59.241,1243.457,,18 0:59.291,0:59.291,59.291,1242.878,,18 0:59.351,0:59.351,59.351,1252.618,,18 0:59.130,0:59.130,59.130,1238.912,,18 0:58.959,0:58.959,58.959,1240.796,,18 0:59.126,0:59.126,59.126,1248.263,,18 0:58.967,0:58.967,58.967,1238.130,,,,#VALUE!,#VALUE!,,18 0:58.662,0:58.662,58.662,1235.274,,18 0:59.653,0:59.653,59.653,1255.038,,18 0:59.988,0:59.988,59.988,1260.705,,18 0:58.826,0:58.826,58.826,1236.5,,18 0:58.983,0:58.983,58.983,1237.482,,18 0:59.500,0:59.500,59.5,1253.513,,18 0:58.023,0:58.023,58.023,1228.838,,18 1:00.099,1:00.099,60.099,1260.031,,18 0:58.034,0:58.034,58.034,1226.549,,17,1069.850,,114.941,,106.762,100.965,98.665,119.287,109.313,113.737,123.417,111.987,109.932,108.649,107.824,114.366,127.403,125.535,130.867,130.082,124.163
,,#VALUE!,#VALUE!,,19 0:59.452,0:59.452,59.452,1303.332,,19 0:59.477,0:59.477,59.477,1316.535,,19 0:59.410,0:59.410,59.410,1302.867,,19 0:59.401,0:59.401,59.401,1302.279,,19 0:59.564,0:59.564,59.564,1312.182,,19 0:58.877,0:58.877,58.877,1297.789,,19 0:58.687,0:58.687,58.687,1299.483,,19 0:59.211,0:59.211,59.211,1307.474,,19 0:58.944,0:58.944,58.944,1297.074,,,,#VALUE!,#VALUE!,,19 0:58.773,0:58.773,58.773,1294.047,,19 0:59.741,0:59.741,59.741,1314.779,,19 1:00.883,1:00.883,60.883,1321.588,,19 0:59.090,0:59.090,59.09,1295.59,,19 0:58.895,0:58.895,58.895,1296.377,,19 0:59.528,0:59.528,59.528,1313.041,,19 0:58.087,0:58.087,58.087,1286.925,,19 1:00.240,1:00.240,60.24,1320.271,,19 0:58.315,0:58.315,58.315,1284.864,,18,1132.782,,111.098,,102.492,96.056,93.767,115.481,105.348,110.096,119.836,108.014,106.130,104.700,103.718,110.675,124.276,122.256,127.923,127.249,120.731
,,#VALUE!,#VALUE!,,20 0:58.756,0:58.756,58.756,1362.088,,20 0:59.505,0:59.505,59.505,1376.040,,20 0:58.557,0:58.557,58.557,1361.424,,20 P 1:03.383,1:03.383,63.383,1365.662,,20 0:59.415,0:59.415,59.415,1371.597,,20 0:58.767,0:58.767,58.767,1356.556,,20 0:58.787,0:58.787,58.787,1358.270,,20 0:59.325,0:59.325,59.325,1366.799,,20 0:58.782,0:58.782,58.782,1355.856,,,,#VALUE!,#VALUE!,,20 0:58.769,0:58.769,58.769,1352.816,,20 0:59.674,0:59.674,59.674,1374.453,,20 0:59.939,0:59.939,59.939,1381.527,,20 0:58.796,0:58.796,58.796,1354.386,,20 0:58.932,0:58.932,58.932,1355.309,,20 0:59.458,0:59.458,59.458,1372.499,,20 0:58.142,0:58.142,58.142,1345.067,,20 0:59.888,0:59.888,59.888,1380.159,,20 0:58.091,0:58.091,58.091,1342.955,,19,1195.715,,107.617,,98.332,91.210,89.149,111.759,101.359,106.564,116.467,103.768,102.074,100.662,99.875,107.152,120.820,119.064,125.873,124.556,117.326
,,#VALUE!,#VALUE!,,21 0:58.861,0:58.861,58.861,1420.949,,21 0:59.564,0:59.564,59.564,1435.604,,21 1:00.451,1:00.451,60.451,1421.875,,21 1:19.805,1:19.805,79.805,1445.467,,21 0:59.581,0:59.581,59.581,1431.178,,21 0:58.999,0:58.999,58.999,1415.555,,21 0:58.895,0:58.895,58.895,1417.165,,21 0:59.857,0:59.857,59.857,1426.656,,21 0:58.949,0:58.949,58.949,1414.805,,,,#VALUE!,#VALUE!,,21 0:58.868,0:58.868,58.868,1411.684,,21 0:59.724,0:59.724,59.724,1434.177,,21 0:59.960,0:59.960,59.96,1441.487,,21 0:58.792,0:58.792,58.792,1413.178,,21 0:58.784,0:58.784,58.784,1414.093,,21 0:59.526,0:59.526,59.526,1432.025,,21 0:57.993,0:57.993,57.993,1403.06,,21 1:00.120,1:00.120,60.12,1440.279,,21 0:58.092,0:58.092,58.092,1401.047,,20,1258.647,,103.441,,94.169,86.420,84.308,108.152,97.209,107.015,112.950,99.623,97.909,96.662,95.739,102.777,117.393,115.806,122.880,121.512,113.852
,,#VALUE!,#VALUE!,,22 0:58.775,0:58.775,58.775,1479.724,,22 0:59.983,0:59.983,59.983,1495.587,,22 0:58.729,0:58.729,58.729,1480.604,,22 0:58.972,0:58.972,58.972,1504.439,,22 0:59.340,0:59.340,59.34,1490.518,,22 0:59.025,0:59.025,59.025,1474.580,,22 0:59.106,0:59.106,59.106,1476.271,,22 0:59.310,0:59.310,59.310,1485.966,,22 0:58.962,0:58.962,58.962,1473.767,,,,#VALUE!,#VALUE!,,22 0:58.789,0:58.789,58.789,1470.473,,22 0:59.789,0:59.789,59.789,1493.966,,22 0:59.964,0:59.964,59.964,1501.451,,22 0:58.785,0:58.785,58.785,1471.963,,22 0:58.900,0:58.900,58.9,1472.993,,22 0:59.540,0:59.540,59.54,1491.565,,22 0:58.165,0:58.165,58.165,1461.225,,22 0:59.834,0:59.834,59.834,1500.113,,22 0:58.256,0:58.256,58.256,1459.303,,21,1321.579,,99.370,,90.105,81.481,79.468,105.077,93.226,123.888,109.599,95.586,93.976,92.514,91.599,100.296,114.025,112.598,119.908,118.700,110.446
,,#VALUE!,#VALUE!,,23 0:59.136,0:59.136,59.136,1538.860,,23 0:59.501,0:59.501,59.501,1555.088,,23 0:59.053,0:59.053,59.053,1539.657,,23 0:58.568,0:58.568,58.568,1563.007,,23 0:59.551,0:59.551,59.551,1550.069,,23 0:58.972,0:58.972,58.972,1533.552,,23 0:58.928,0:58.928,58.928,1535.199,,23 0:59.456,0:59.456,59.456,1545.422,,23 0:59.015,0:59.015,59.015,1532.782,,,,#VALUE!,#VALUE!,,23 0:58.627,0:58.627,58.627,1529.1,,23 0:59.666,0:59.666,59.666,1553.632,,23 0:59.863,0:59.863,59.863,1561.314,,23 0:58.977,0:58.977,58.977,1530.94,,23 0:59.029,0:59.029,59.029,1532.022,,23 0:59.590,0:59.590,59.59,1551.155,,23 0:58.022,0:58.022,58.022,1519.247,,23 P 1:02.177,1:02.177,62.177,1562.29,,23 0:57.955,0:57.955,57.955,1517.258,,22,1384.512,,95.212,,85.961,76.713,74.791,101.454,89.255,119.927,106.006,91.759,90.068,88.481,87.451,96.092,111.075,109.454,116.939,115.601,107.053
,,#VALUE!,#VALUE!,,24 0:58.642,0:58.642,58.642,1597.502,,24 0:59.580,0:59.580,59.580,1614.668,,24 0:58.713,0:58.713,58.713,1598.370,,24 0:58.800,0:58.800,58.800,1621.807,,24 0:59.518,0:59.518,59.518,1609.587,,24 0:59.101,0:59.101,59.101,1592.653,,24 0:59.107,0:59.107,59.107,1594.306,,24 0:59.118,0:59.118,59.118,1604.540,,24 0:59.078,0:59.078,59.078,1591.860,,,,#VALUE!,#VALUE!,,24 0:58.739,0:58.739,58.739,1587.839,,24 0:59.650,0:59.650,59.65,1613.282,,24 1:00.152,1:00.152,60.152,1621.466,,24 0:58.804,0:58.804,58.804,1589.744,,24 0:59.105,0:59.105,59.105,1591.127,,24 0:59.482,0:59.482,59.482,1610.637,,24 0:58.099,0:58.099,58.099,1577.346,,24 1:24.937,1:24.937,84.937,1647.227,,24 0:58.198,0:58.198,58.198,1575.456,,23,1447.444,,91.416,,81.656,71.803,69.814,97.978,85.338,115.563,102.625,87.755,86.108,84.578,83.496,92.213,107.644,106.188,113.870,114.846,103.711
,,#VALUE!,#VALUE!,,25 0:58.604,0:58.604,58.604,1656.106,,25 0:59.700,0:59.700,59.700,1674.368,,25 0:58.839,0:58.839,58.839,1657.209,,25 0:58.426,0:58.426,58.426,1680.233,,25 0:59.577,0:59.577,59.577,1669.164,,25 0:59.153,0:59.153,59.153,1651.806,,25 0:58.956,0:58.956,58.956,1653.262,,25 0:59.190,0:59.190,59.190,1663.730,,25 0:59.174,0:59.174,59.174,1651.034,,,,#VALUE!,#VALUE!,,25 0:58.571,0:58.571,58.571,1646.41,,25 0:59.922,0:59.922,59.922,1673.204,,25 1:00.840,1:00.840,60.84,1682.306,,25 0:59.058,0:59.058,59.058,1648.802,,25 0:59.122,0:59.122,59.122,1650.249,,25 0:59.611,0:59.611,59.611,1670.248,,25 0:58.203,0:58.203,58.203,1635.549,,25 0:58.730,0:58.730,58.73,1705.957,,25 0:58.021,0:58.021,58.021,1633.477,,24,1510.376,,87.126,,77.463,66.970,65.080,94.164,81.484,111.431,99.211,83.930,82.277,80.751,79.368,87.994,104.292,102.906,111.090,136.851,100.261
,,#VALUE!,#VALUE!,,26 0:58.338,0:58.338,58.338,1714.444,,26 0:59.828,0:59.828,59.828,1734.196,,26 0:58.754,0:58.754,58.754,1715.963,,26 0:58.101,0:58.101,58.101,1738.334,,26 0:59.639,0:59.639,59.639,1728.803,,26 0:59.161,0:59.161,59.161,1710.967,,26 0:59.184,0:59.184,59.184,1712.446,,26 0:59.819,0:59.819,59.819,1723.549,,26 0:59.048,0:59.048,59.048,1710.082,,,,#VALUE!,#VALUE!,,26 0:58.799,0:58.799,58.799,1705.209,,26 P 1:02.462,1:02.462,62.462,1735.666,,26 1:00.437,1:00.437,60.437,1742.743,,26 0:58.927,0:58.927,58.927,1707.729,,26 0:59.106,0:59.106,59.106,1709.355,,26 P 1:02.795,1:02.795,62.795,1733.043,,26 0:58.180,0:58.180,58.18,1693.729,,26 0:58.564,0:58.564,58.564,1764.521,,26 0:58.007,0:58.007,58.007,1691.484,,25,1573.309,,82.797,,73.101,62.240,60.168,90.421,77.725,106.924,95.855,79.953,78.497,76.940,75.493,83.900,101.059,99.895,108.997,132.648,96.939
,,#VALUE!,#VALUE!,,27 0:58.601,0:58.601,58.601,1773.045,,27 0:59.139,0:59.139,59.139,1793.335,,27 0:58.728,0:58.728,58.728,1774.691,,27 0:58.497,0:58.497,58.497,1796.831,,27 P 1:02.230,1:02.230,62.23,1791.033,,27 0:59.016,0:59.016,59.016,1769.983,,27 0:58.865,0:58.865,58.865,1771.311,,27 0:59.390,0:59.390,59.390,1782.939,,27 0:59.100,0:59.100,59.100,1769.182,,,,#VALUE!,#VALUE!,,27 0:58.635,0:58.635,58.635,1763.844,,27 1:19.826,1:19.826,79.826,1815.492,,27 1:00.057,1:00.057,60.057,1802.8,,27 0:58.765,0:58.765,58.765,1766.494,,27 P 1:01.498,1:01.498,61.498,1770.853,,27 1:19.408,1:19.408,79.408,1812.451,,27 0:58.151,0:58.151,58.151,1751.88,,27 0:59.255,0:59.255,59.255,1823.776,,27 0:57.975,0:57.975,57.975,1749.459,,26,1636.241,,78.203,,68.968,57.488,55.243,87.308,73.841,102.093,92.562,76.205,74.726,73.114,71.488,79.722,97.955,99.425,106.502,128.280,96.802
,,#VALUE!,#VALUE!,,28 0:58.558,0:58.558,58.558,1831.603,,28 0:59.278,0:59.278,59.278,1852.613,,28 0:58.565,0:58.565,58.565,1833.256,,28 0:58.313,0:58.313,58.313,1855.144,,28 1:18.978,1:18.978,78.978,1870.011,,28 P 1:01.367,1:01.367,61.367,1831.350,,28 0:58.922,0:58.922,58.922,1830.233,,28 0:59.231,0:59.231,59.231,1842.170,,28 0:58.565,0:58.565,58.565,1827.747,,,,#VALUE!,#VALUE!,,28 P 1:02.082,1:02.082,62.082,1825.926,,28 0:58.483,0:58.483,58.483,1873.975,,28 0:59.978,0:59.978,59.978,1862.778,,28 0:58.673,0:58.673,58.673,1825.167,,28 1:17.989,1:17.989,77.989,1848.842,,28 0:58.320,0:58.320,58.32,1870.771,,28 0:58.473,0:58.473,58.473,1810.353,,28 0:58.322,0:58.322,58.322,1882.098,,28 0:58.367,0:58.367,58.367,1807.826,,27,1699.173,,73.872,,64.671,52.707,50.286,83.766,70.009,97.658,91.860,72.138,70.810,71.680,67.321,75.518,94.162,116.319,103.627,124.603,113.278
,,#VALUE!,#VALUE!,,29 0:58.617,0:58.617,58.617,1890.220,,29 0:59.802,0:59.802,59.802,1912.415,,29 0:58.788,0:58.788,58.788,1892.044,,29 0:58.592,0:58.592,58.592,1913.736,,29 0:58.206,0:58.206,58.206,1928.217,,29 1:19.283,1:19.283,79.283,1910.633,,29 0:58.561,0:58.561,58.561,1888.794,,29 0:59.343,0:59.343,59.343,1901.513,,29 0:58.791,0:58.791,58.791,1886.538,,,,#VALUE!,#VALUE!,,29 1:18.523,1:18.523,78.523,1904.449,,29 0:58.241,0:58.241,58.241,1932.216,,29 0:59.832,0:59.832,59.832,1922.61,,29 P 1:01.391,1:01.391,61.391,1886.558,,29 0:57.580,0:57.580,57.58,1906.422,,29 0:58.468,0:58.468,58.468,1929.239,,29 0:58.239,0:58.239,58.239,1868.592,,29 0:58.727,0:58.727,58.727,1940.825,,29 0:58.052,0:58.052,58.052,1865.878,,28,1762.106,,69.497,,63.820,48.247,45.720,80.064,65.641,93.038,107.905,68.127,69.244,86.736,63.061,71.150,90.507,111.869,100.672,119.992,108.665
,,#VALUE!,#VALUE!,,30 0:58.710,0:58.710,58.710,1948.930,,30 0:59.800,0:59.800,59.800,1972.215,,30 0:58.678,0:58.678,58.678,1950.722,,30 0:58.911,0:58.911,58.911,1972.647,,30 0:58.523,0:58.523,58.523,1986.74,,30 0:57.870,0:57.870,57.870,1968.503,,30 0:58.579,0:58.579,58.579,1947.373,,30 0:59.815,0:59.815,59.815,1961.328,,30 0:58.706,0:58.706,58.706,1945.244,,,,#VALUE!,#VALUE!,,30 0:58.196,0:58.196,58.196,1962.645,,30 0:58.394,0:58.394,58.394,1990.61,,30 1:01.539,1:01.539,61.539,1984.149,,30 1:18.489,1:18.489,78.489,1965.047,,30 0:57.803,0:57.803,57.803,1964.225,,30 0:58.418,0:58.418,58.418,1987.657,,30 0:58.262,0:58.262,58.262,1926.854,,30 0:58.551,0:58.551,58.551,1999.376,,30 0:58.052,0:58.052,58.052,1923.93,,29,1825.038,,65.182,,79.411,43.554,40.840,76.475,61.500,88.698,103.179,63.756,85.595,81.384,61.520,67.006,87.377,107.178,97.572,115.787,104.201
,,#VALUE!,#VALUE!,,31 0:58.545,0:58.545,58.545,2007.475,,31 P 1:02.810,1:02.810,62.810,2035.025,,31 0:58.826,0:58.826,58.826,2009.548,,31 0:58.105,0:58.105,58.105,2030.752,,31 0:58.890,0:58.890,58.89,2045.63,,31 0:57.954,0:57.954,57.954,2026.457,,31 0:58.710,0:58.710,58.710,2006.083,,31 P 1:02.108,1:02.108,62.108,2023.436,,31 0:58.952,0:58.952,58.952,2004.196,,,,#VALUE!,#VALUE!,,31 0:58.500,0:58.500,58.5,2021.145,,31 0:58.528,0:58.528,58.528,2049.138,,31 P 1:04.341,1:04.341,64.341,2048.49,,31 0:58.137,0:58.137,58.137,2023.184,,31 0:57.962,0:57.962,57.962,2022.187,,31 0:58.681,0:58.681,58.681,2046.338,,31 0:58.370,0:58.370,58.37,1985.224,,31 0:58.544,0:58.544,58.544,2057.92,,31 0:58.260,0:58.260,58.26,1982.19,,30,1887.970,,60.960,,74.675,38.884,35.960,73.358,57.274,84.677,98.770,59.403,80.533,76.255,77.077,62.752,84.245,102.640,96.179,111.406,99.687
,,#VALUE!,#VALUE!,,32 0:58.624,0:58.624,58.624,2066.099,,32 1:20.577,1:20.577,80.577,2115.602,,32 0:59.243,0:59.243,59.243,2068.791,,32 0:58.305,0:58.305,58.305,2089.057,,32 0:58.973,0:58.973,58.973,2104.603,,32 0:58.156,0:58.156,58.156,2084.613,,32 0:58.757,0:58.757,58.757,2064.840,,32 1:20.312,1:20.312,80.312,2103.748,,32 0:58.762,0:58.762,58.762,2062.958,,,,#VALUE!,#VALUE!,,32 0:57.613,0:57.613,57.613,2078.758,,32 0:58.749,0:58.749,58.749,2107.887,,32 1:23.097,1:23.097,83.097,2131.587,,32 0:57.908,0:57.908,57.908,2081.092,,32 0:57.937,0:57.937,57.937,2080.124,,32 0:58.887,0:58.887,58.887,2105.225,,32 0:58.180,0:58.180,58.18,2043.404,,32 0:58.867,0:58.867,58.867,2116.787,,32 0:58.231,0:58.231,58.231,2040.421,,31,1950.903,,56.572,,70.242,34.321,31.287,72.533,53.293,79.849,94.727,55.180,75.554,71.284,72.281,58.645,84.122,98.235,97.587,107.017,95.435
,,#VALUE!,#VALUE!,,33 0:59.020,0:59.020,59.020,2125.119,,33 0:58.218,0:58.218,58.218,2173.820,,33 0:58.720,0:58.720,58.720,2127.511,,33 0:58.425,0:58.425,58.425,2147.482,,33 0:58.444,0:58.444,58.444,2163.047,,33 0:58.050,0:58.050,58.050,2142.663,,33 0:58.719,0:58.719,58.719,2123.559,,33 0:58.126,0:58.126,58.126,2161.874,,33 0:58.828,0:58.828,58.828,2121.786,,,,#VALUE!,#VALUE!,,33 0:58.157,0:58.157,58.157,2136.915,,33 0:58.710,0:58.710,58.71,2166.597,,33 0:58.330,0:58.330,58.33,2189.917,,33 0:57.736,0:57.736,57.736,2138.828,,33 0:58.057,0:58.057,58.057,2138.181,,33 0:58.839,0:58.839,58.839,2164.064,,33 0:58.156,0:58.156,58.156,2101.56,,33 0:58.802,0:58.802,58.802,2175.589,,33 0:58.433,0:58.433,58.433,2098.854,,32,2013.835,,52.264,,64.923,29.569,26.586,89.913,49.123,75.222,90.768,51.005,70.778,66.289,67.257,54.956,101.767,94.052,117.752,102.952,91.390
,,#VALUE!,#VALUE!,,34 0:58.698,0:58.698,58.698,2183.817,,34 0:58.046,0:58.046,58.046,2231.866,,34 0:58.985,0:58.985,58.985,2186.496,,34 0:58.684,0:58.684,58.684,2206.166,,34 0:58.755,0:58.755,58.755,2221.802,,34 0:58.357,0:58.357,58.357,2201.020,,34 0:58.781,0:58.781,58.781,2182.340,,34 0:58.126,0:58.126,58.126,2220.000,,34 0:58.833,0:58.833,58.833,2180.619,,,,#VALUE!,#VALUE!,,34 0:58.175,0:58.175,58.175,2195.09,,34 0:58.743,0:58.743,58.743,2225.34,,34 0:58.421,0:58.421,58.421,2248.338,,34 0:58.478,0:58.478,58.478,2197.306,,34 0:58.335,0:58.335,58.335,2196.516,,34 0:58.727,0:58.727,58.727,2222.791,,34 0:58.374,0:58.374,58.374,2159.934,,34 0:58.824,0:58.824,58.824,2234.413,,34 0:58.225,0:58.225,58.225,2157.079,,33,2076.767,,48.352,,60.148,24.793,22.087,85.107,45.019,70.715,86.280,46.792,65.896,61.414,62.061,50.744,97.053,89.830,113.150,98.822,87.297
,,#VALUE!,#VALUE!,,35 0:58.788,0:58.788,58.788,2242.605,,35 0:58.673,0:58.673,58.673,2290.539,,35 0:58.964,0:58.964,58.964,2245.460,,35 0:58.697,0:58.697,58.697,2264.863,,35 0:58.809,0:58.809,58.809,2280.611,,35 0:58.096,0:58.096,58.096,2259.116,,35 0:58.786,0:58.786,58.786,2241.126,,35 0:58.234,0:58.234,58.234,2278.234,,35 0:58.742,0:58.742,58.742,2239.361,,,,#VALUE!,#VALUE!,,35 0:58.163,0:58.163,58.163,2253.253,,35 0:59.027,0:59.027,59.027,2284.367,,35 0:58.285,0:58.285,58.285,2306.623,,35 0:58.076,0:58.076,58.076,2255.382,,35 0:58.264,0:58.264,58.264,2254.78,,35 0:58.799,0:58.799,58.799,2281.59,,35 0:58.235,0:58.235,58.235,2218.169,,35 0:58.662,0:58.662,58.662,2293.075,,35 0:58.253,0:58.253,58.253,2215.332,,34,2139.700,,44.117,,55.390,20.234,17.379,80.300,40.919,66.466,82.102,42.640,61.320,56.816,57.606,46.796,92.166,85.640,108.638,94.713,83.091
,,#VALUE!,#VALUE!,,36 0:58.621,0:58.621,58.621,2301.226,,36 0:58.452,0:58.452,58.452,2348.991,,36 0:58.813,0:58.813,58.813,2304.273,,36 0:58.636,0:58.636,58.636,2323.499,,36 0:58.509,0:58.509,58.509,2339.12,,36 0:58.175,0:58.175,58.175,2317.291,,36 0:58.707,0:58.707,58.707,2299.833,,36 0:58.205,0:58.205,58.205,2336.439,,36 0:58.653,0:58.653,58.653,2298.014,,,,#VALUE!,#VALUE!,,36 0:58.242,0:58.242,58.242,2311.495,,36 0:58.886,0:58.886,58.886,2343.253,,36 0:58.985,0:58.985,58.985,2365.608,,36 0:58.414,0:58.414,58.414,2313.796,,36 0:58.258,0:58.258,58.258,2313.038,,36 0:58.705,0:58.705,58.705,2340.295,,36 0:58.387,0:58.387,58.387,2276.556,,36 0:59.103,0:59.103,59.103,2352.178,,36 0:58.554,0:58.554,58.554,2273.886,,35,2202.632,,39.973,,50.621,15.537,12.700,75.602,36.729,62.231,77.979,38.494,56.484,52.148,52.750,42.828,87.907,81.735,103.991,90.443,78.958
,,#VALUE!,#VALUE!,,37 0:58.796,0:58.796,58.796,2360.022,,37 0:58.925,0:58.925,58.925,2407.916,,37 0:58.823,0:58.823,58.823,2363.096,,37 0:58.663,0:58.663,58.663,2382.162,,37 0:58.861,0:58.861,58.861,2397.981,,37 0:58.212,0:58.212,58.212,2375.503,,37 0:58.568,0:58.568,58.568,2358.401,,37 0:58.701,0:58.701,58.701,2395.140,,37 0:58.611,0:58.611,58.611,2356.625,,,,#VALUE!,#VALUE!,,37 0:58.365,0:58.365,58.365,2369.86,,37 0:58.787,0:58.787,58.787,2402.04,,37 0:58.889,0:58.889,58.889,2424.497,,37 0:58.319,0:58.319,58.319,2372.115,,37 0:58.098,0:58.098,58.098,2371.136,,37 0:58.634,0:58.634,58.634,2398.929,,37 0:58.114,0:58.114,58.114,2334.67,,37 0:58.886,0:58.886,58.886,2411.064,,37 0:58.309,0:58.309,58.309,2332.195,,36,2265.564,,35.662,,45.931,10.992,8.322,70.875,32.450,57.935,73.556,34.269,51.727,47.474,48.232,38.709,83.427,77.689,100.044,86.614,74.731
,,#VALUE!,#VALUE!,,38 0:58.710,0:58.710,58.710,2418.732,,38 0:59.082,0:59.082,59.082,2466.998,,38 0:58.637,0:58.637,58.637,2421.733,,38 0:59.031,0:59.031,59.031,2441.193,,38 0:58.486,0:58.486,58.486,2456.467,,38 0:58.399,0:58.399,58.399,2433.902,,38 0:58.772,0:58.772,58.772,2417.173,,38 0:58.379,0:58.379,58.379,2453.519,,38 0:58.727,0:58.727,58.727,2415.352,,,,#VALUE!,#VALUE!,,38 0:58.292,0:58.292,58.292,2428.152,,38 0:58.875,0:58.875,58.875,2460.915,,38 0:58.577,0:58.577,58.577,2483.074,,38 0:58.141,0:58.141,58.141,2430.256,,38 0:58.411,0:58.411,58.411,2429.547,,38 0:58.860,0:58.860,58.86,2457.789,,38 0:58.594,0:58.594,58.594,2393.264,,38 0:59.027,0:59.027,59.027,2470.091,,38 0:58.240,0:58.240,58.24,2390.435,,37,2328.497,,31.525,,41.363,6.173,3.698,66.643,28.128,53.665,69.484,29.904,47.006,42.639,43.618,34.599,79.419,73.543,96.000,82.567,70.432
,,#VALUE!,#VALUE!,,39 0:58.664,0:58.664,58.664,2477.396,,39 0:58.739,0:58.739,58.739,2525.737,,39 0:58.700,0:58.700,58.700,2480.433,,39 0:58.321,0:58.321,58.321,2499.514,,39 0:58.781,0:58.781,58.781,2515.248,,39 0:58.280,0:58.280,58.280,2492.182,,39 0:58.588,0:58.588,58.588,2475.761,,39 0:58.417,0:58.417,58.417,2511.936,,39 0:58.643,0:58.643,58.643,2473.995,,,,#VALUE!,#VALUE!,,39 0:57.913,0:57.913,57.913,2486.065,,39 0:58.641,0:58.641,58.641,2519.556,,39 0:58.609,0:58.609,58.609,2541.683,,39 0:58.289,0:58.289,58.289,2488.545,,39 0:58.221,0:58.221,58.221,2487.768,,39 0:58.558,0:58.558,58.558,2516.347,,39 0:58.198,0:58.198,58.198,2451.462,,39 0:58.806,0:58.806,58.806,2528.897,,39 0:58.267,0:58.267,58.267,2448.702,,38,2391.429,,27.303,,36.723,1.835,-0.994,62.090,23.923,49.764,65.038,25.744,42.473,38.118,38.827,30.304,75.569,69.486,91.645,78.662,66.360
,,#VALUE!,#VALUE!,,40 0:58.600,0:58.600,58.600,2535.996,,40 0:58.900,0:58.900,58.900,2584.637,,40 0:58.673,0:58.673,58.673,2539.106,,40 0:58.546,0:58.546,58.546,2558.060,,40 0:58.569,0:58.569,58.569,2573.817,,40 0:58.109,0:58.109,58.109,2550.291,,40 0:58.693,0:58.693,58.693,2534.454,,40 0:58.473,0:58.473,58.473,2570.409,,40 0:58.699,0:58.699,58.699,2532.694,,,,#VALUE!,#VALUE!,,40 0:58.105,0:58.105,58.105,2544.17,,40 0:58.741,0:58.741,58.741,2578.297,,40 1:02.424,1:02.424,62.424,2604.107,,40 0:58.304,0:58.304,58.304,2546.849,,40 0:58.210,0:58.210,58.21,2545.978,,40 0:58.600,0:58.600,58.6,2574.947,,40 0:58.272,0:58.272,58.272,2509.734,,40 0:58.729,0:58.729,58.729,2587.626,,40 0:58.280,0:58.280,58.28,2506.982,,39,2454.361,,23.035,,31.704,-2.899,-5.659,57.575,19.634,45.153,60.887,21.400,37.821,33.407,34.184,26.072,71.376,65.195,87.322,74.536,61.986
,,#VALUE!,#VALUE!,,41 0:58.730,0:58.730,58.730,2594.726,,41 0:58.659,0:58.659,58.659,2643.296,,41 0:58.893,0:58.893,58.893,2597.999,,41 0:58.472,0:58.472,58.472,2616.532,,41 0:58.626,0:58.626,58.626,2632.443,,41 0:58.371,0:58.371,58.371,2608.662,,41 P 1:00.962,1:00.962,60.962,2595.416,,41 0:58.589,0:58.589,58.589,2628.998,,41 0:58.525,0:58.525,58.525,2591.219,,,,#VALUE!,#VALUE!,,41 0:58.126,0:58.126,58.126,2602.296,,41 0:58.740,0:58.740,58.74,2637.037,,41 1:01.021,1:01.021,61.021,2665.128,,41 0:58.573,0:58.573,58.573,2605.422,,41 0:58.699,0:58.699,58.699,2604.677,,41 0:58.638,0:58.638,58.638,2633.585,,41 0:58.363,0:58.363,58.363,2568.097,,41 0:58.892,0:58.892,58.892,2646.518,,41 0:58.133,0:58.133,58.133,2565.115,,40,2517.294,,18.702,,26.876,-7.560,-10.312,53.115,15.400,40.766,56.523,17.160,32.997,28.684,29.555,21.812,67.343,61.003,86.813,70.332,57.653
,,#VALUE!,#VALUE!,,42 0:58.478,0:58.478,58.478,2653.204,,42 0:58.784,0:58.784,58.784,2702.080,,42 0:58.737,0:58.737,58.737,2656.736,,42 0:58.840,0:58.840,58.840,2675.372,,42 0:58.482,0:58.482,58.482,2690.925,,42 0:58.322,0:58.322,58.322,2666.984,,42 1:18.182,1:18.182,78.182,2673.598,,42 0:58.385,0:58.385,58.385,2687.383,,42 P 1:01.620,1:01.620,61.620,2652.839,,,,#VALUE!,#VALUE!,,42 0:58.246,0:58.246,58.246,2660.542,,42 0:58.704,0:58.704,58.704,2695.741,,42 0:59.029,0:59.029,59.029,2724.157,,42 0:57.999,0:57.999,57.999,2663.421,,42 0:57.796,0:57.796,57.796,2662.473,,42 0:58.506,0:58.506,58.506,2692.091,,42 0:58.043,0:58.043,58.043,2626.14,,42 0:59.275,0:59.275,59.275,2705.793,,42 0:58.165,0:58.165,58.165,2623.28,,41,2580.226,,14.500,,22.070,-12.129,-15.111,48.772,10.993,36.306,52.217,15.190,28.436,24.451,25.196,17.773,63.070,56.811,84.902,66.292,53.359
,,#VALUE!,#VALUE!,,43 0:58.125,0:58.125,58.125,2711.329,,43 0:58.633,0:58.633,58.633,2760.713,,43 0:58.393,0:58.393,58.393,2715.129,,43 0:58.454,0:58.454,58.454,2733.826,,43 0:58.569,0:58.569,58.569,2749.494,,43 0:58.633,0:58.633,58.633,2725.617,,43 0:57.699,0:57.699,57.699,2731.297,,43 0:58.358,0:58.358,58.358,2745.741,,43 1:19.210,1:19.210,79.210,2732.049,,,,#VALUE!,#VALUE!,,43 0:57.967,0:57.967,57.967,2718.509,,43 0:58.846,0:58.846,58.846,2754.587,,43 0:58.970,0:58.970,58.97,2783.127,,43 0:58.199,0:58.199,58.199,2721.62,,43 0:58.140,0:58.140,58.14,2720.613,,43 0:58.677,0:58.677,58.677,2750.768,,43 0:58.304,0:58.304,58.304,2684.444,,43 0:58.727,0:58.727,58.727,2764.52,,43 0:58.164,0:58.164,58.164,2681.444,,42,2643.158,,10.046,,17.384,-17.018,-19.878,44.225,9.681,32.214,47.767,30.440,23.826,19.315,20.263,13.578,58.922,52.583,80.999,62.635,48.933
,,#VALUE!,#VALUE!,,44 0:58.526,0:58.526,58.526,2769.855,,44 0:58.692,0:58.692,58.692,2819.405,,44 0:58.745,0:58.745,58.745,2773.874,,44 0:58.387,0:58.387,58.387,2792.213,,44 0:58.794,0:58.794,58.794,2808.288,,44 0:58.239,0:58.239,58.239,2783.856,,44 0:57.392,0:57.392,57.392,2788.689,,44 0:58.427,0:58.427,58.427,2804.168,,44 0:57.401,0:57.401,57.401,2789.450,,,,#VALUE!,#VALUE!,,44 0:58.205,0:58.205,58.205,2776.714,,44 0:58.947,0:58.947,58.947,2813.534,,44 1:00.280,1:00.280,60.28,2843.407,,44 0:58.064,0:58.064,58.064,2779.684,,44 0:58.182,0:58.182,58.182,2778.795,,44 0:58.730,0:58.730,58.73,2809.498,,44 0:58.433,0:58.433,58.433,2742.877,,44 0:58.960,0:58.960,58.96,2823.48,,44 0:58.324,0:58.324,58.324,2739.768,,43,2706.091,,5.238,,12.418,-21.647,-24.647,39.650,25.958,27.735,43.403,25.206,19.526,14.522,15.529,9.038,54.622,48.496,77.036,58.429,44.677
,,#VALUE!,#VALUE!,,45 0:58.214,0:58.214,58.214,2828.069,,45 0:58.776,0:58.776,58.776,2878.181,,45 0:58.576,0:58.576,58.576,2832.450,,45 0:58.694,0:58.694,58.694,2850.907,,45 0:58.735,0:58.735,58.735,2867.023,,45 0:57.933,0:57.933,57.933,2841.789,,45 0:57.490,0:57.490,57.490,2846.179,,45 0:58.306,0:58.306,58.306,2862.474,,45 0:57.464,0:57.464,57.464,2846.914,,,,#VALUE!,#VALUE!,,45 0:58.031,0:58.031,58.031,2834.745,,45 0:58.737,0:58.737,58.737,2872.271,,45 0:58.974,0:58.974,58.974,2902.381,,45 0:57.939,0:57.939,57.939,2837.623,,45 0:58.133,0:58.133,58.133,2836.928,,45 0:58.883,0:58.883,58.883,2868.381,,45 0:58.099,0:58.099,58.099,2800.976,,45 0:58.937,0:58.937,58.937,2882.417,,45 P 1:00.531,1:00.531,60.531,2800.299,,44,2769.023,,0.832,,7.691,-26.146,-29.255,35.145,20.427,23.190,39.265,19.666,14.833,9.772,10.661,4.851,50.382,44.511,74.384,54.457,40.475
,,#VALUE!,#VALUE!,,46 0:58.305,0:58.305,58.305,2886.374,,46 0:59.679,0:59.679,59.679,2937.860,,46 0:58.591,0:58.591,58.591,2891.041,,46 0:58.522,0:58.522,58.522,2909.429,,46 0:58.700,0:58.700,58.7,2925.723,,46 0:58.261,0:58.261,58.261,2900.050,,46 0:57.520,0:57.520,57.520,2903.699,,46 0:58.450,0:58.450,58.450,2920.924,,46 0:57.725,0:57.725,57.725,2904.639,,,,#VALUE!,#VALUE!,,46 0:58.189,0:58.189,58.189,2892.934,,46 0:58.782,0:58.782,58.782,2931.053,,46 1:01.694,1:01.694,61.694,2964.075,,46 0:59.032,0:59.032,59.032,2896.655,,46 0:58.393,0:58.393,58.393,2895.321,,46 0:58.944,0:58.944,58.944,2927.325,,46 0:58.086,0:58.086,58.086,2859.062,,46 0:58.987,0:58.987,58.987,2941.404,,46 1:18.771,1:18.771,78.771,2879.07,,45,2831.956,,-3.887,,2.789,-30.980,-31.657,30.518,14.958,18.951,35.067,14.223,9.833,4.972,5.667,0.494,46.225,40.315,70.425,50.461,36.425
,,#VALUE!,#VALUE!,,47 P 1:00.918,1:00.918,60.918,2947.292,,47 0:58.921,0:58.921,58.921,2996.781,,47 P 1:01.752,1:01.752,61.752,2952.793,,47 0:58.960,0:58.960,58.960,2968.389,,47 0:58.705,0:58.705,58.705,2984.428,,47 0:58.272,0:58.272,58.272,2958.322,,47 0:57.712,0:57.712,57.712,2961.411,,47 0:58.425,0:58.425,58.425,2979.349,,47 0:57.688,0:57.688,57.688,2962.327,,,,#VALUE!,#VALUE!,,47 0:58.395,0:58.395,58.395,2951.329,,47 0:59.003,0:59.003,59.003,2990.056,,47 0:59.051,0:59.051,59.051,3023.126,,47 0:58.488,0:58.488,58.488,2955.143,,47 0:58.269,0:58.269,58.269,2953.59,,47 0:58.597,0:58.597,58.597,2985.922,,47 0:58.532,0:58.532,58.532,2917.594,,47 0:58.959,0:58.959,58.959,3000.363,,47 0:56.644,0:56.644,56.644,2935.714,,46,2894.888,,-8.514,,-1.954,-35.826,-15.818,26.036,9.751,14.541,30.835,8.811,5.162,0.433,1.767,-3.847,42.972,36.165,69.187,46.516,32.437
,,#VALUE!,#VALUE!,,48 1:17.539,1:17.539,77.539,3024.831,,48 0:58.799,0:58.799,58.799,3055.580,,48 1:18.627,1:18.627,78.627,3031.420,,48 0:58.878,0:58.878,58.878,3027.267,,48 0:58.939,0:58.939,58.939,3043.367,,48 0:58.259,0:58.259,58.259,3016.581,,48 0:57.647,0:57.647,57.647,3019.058,,48 0:58.524,0:58.524,58.524,3037.873,,48 0:57.703,0:57.703,57.703,3020.030,,,,#VALUE!,#VALUE!,,48 0:58.263,0:58.263,58.263,3009.592,,48 0:59.055,0:59.055,59.055,3049.111,,48 1:00.019,1:00.019,60.019,3083.145,,48 0:58.342,0:58.342,58.342,3013.485,,48 0:58.104,0:58.104,58.104,3011.694,,48 0:58.747,0:58.747,58.747,3044.669,,48 0:58.290,0:58.290,58.29,2975.884,,48 0:58.879,0:58.879,58.879,3059.242,,48 0:56.731,0:56.731,56.731,2992.445,,47,2957.820,,-10.528,,-6.491,-40.226,-22.106,21.529,4.507,10.569,26.608,3.591,0.502,-4.230,-2.677,-5.027,38.961,32.236,65.306,42.543,28.102
,,#VALUE!,#VALUE!,,49 0:57.205,0:57.205,57.205,3082.036,,49 0:58.703,0:58.703,58.703,3114.283,,49 0:57.806,0:57.806,57.806,3089.226,,49 0:58.565,0:58.565,58.565,3085.832,,49 0:58.841,0:58.841,58.841,3102.208,,49 0:58.564,0:58.564,58.564,3075.145,,49 0:57.820,0:57.820,57.820,3076.878,,49 0:58.576,0:58.576,58.576,3096.449,,49 0:57.545,0:57.545,57.545,3077.575,,,,#VALUE!,#VALUE!,,49 0:57.982,0:57.982,57.982,3067.574,,49 0:59.980,0:59.980,59.98,3109.091,,49 0:58.926,0:58.926,58.926,3142.071,,49 0:58.139,0:58.139,58.139,3071.624,,49 0:58.221,0:58.221,58.221,3069.915,,49 0:58.631,0:58.631,58.631,3103.3,,49 P 1:01.154,1:01.154,61.154,3037.038,,49 0:58.808,0:58.808,58.808,3118.05,,49 0:57.130,0:57.130,57.13,3049.575,,48,3020.753,,4.078,,-11.161,-44.869,-28.308,17.120,-0.723,6.514,22.614,-1.695,-4.172,-9.059,-7.268,10.667,34.827,28.358,62.392,38.489,23.916
,,#VALUE!,#VALUE!,,50 0:56.937,0:56.937,56.937,3138.973,,50 1:00.166,1:00.166,60.166,3174.449,,50 0:57.488,0:57.488,57.488,3146.714,,50 0:58.919,0:58.919,58.919,3144.751,,50 0:58.631,0:58.631,58.631,3160.839,,50 0:58.425,0:58.425,58.425,3133.570,,50 0:57.975,0:57.975,57.975,3134.853,,50 0:58.537,0:58.537,58.537,3154.986,,50 0:57.954,0:57.954,57.954,3135.529,,,,#VALUE!,#VALUE!,,50 0:58.300,0:58.300,58.3,3125.874,,50 0:59.678,0:59.678,59.678,3168.769,,50 0:59.125,0:59.125,59.125,3201.196,,50 0:58.285,0:58.285,58.285,3129.909,,50 0:58.315,0:58.315,58.315,3128.23,,50 0:58.680,0:58.680,58.68,3161.98,,50 1:18.211,1:18.211,78.211,3115.249,,50 0:58.978,0:58.978,58.978,3177.028,,50 0:57.112,0:57.112,57.112,3106.687,,49,3083.685,,-1.649,,-16.111,-46.647,-34.110,12.764,-6.110,2.147,18.523,-6.807,-8.540,-13.770,-12.061,5.541,30.598,25.406,58.386,34.365,19.615
,,#VALUE!,#VALUE!,,51 0:57.052,0:57.052,57.052,3196.025,,51 0:58.805,0:58.805,58.805,3233.254,,51 0:57.320,0:57.320,57.320,3204.034,,51 0:58.517,0:58.517,58.517,3203.268,,51 0:58.998,0:58.998,58.998,3219.837,,51 P 1:01.128,1:01.128,61.128,3194.698,,51 0:57.964,0:57.964,57.964,3192.817,,51 0:58.409,0:58.409,58.409,3213.395,,51 0:57.861,0:57.861,57.861,3193.390,,,,#VALUE!,#VALUE!,,51 0:58.101,0:58.101,58.101,3183.975,,51 0:59.572,0:59.572,59.572,3228.341,,51 0:58.776,0:58.776,58.776,3259.972,,51 0:58.034,0:58.034,58.034,3187.943,,51 0:58.414,0:58.414,58.414,3186.644,,51 1:00.383,1:00.383,60.383,3222.363,,51 0:56.705,0:56.705,56.705,3171.954,,51 0:59.012,0:59.012,59.012,3236.04,,51 0:56.831,0:56.831,56.831,3163.518,,50,3146.617,,-7.644,,-20.743,-31.368,-39.930,8.369,-11.088,-1.866,14.222,-11.764,-13.047,-18.387,-16.708,0.097,27.832,22.152,54.579,30.411,15.363
,,#VALUE!,#VALUE!,,52 0:56.925,0:56.925,56.925,3252.950,,52 0:58.649,0:58.649,58.649,3291.903,,52 0:57.056,0:57.056,57.056,3261.090,,52 0:59.106,0:59.106,59.106,3262.374,,52 0:59.809,0:59.809,59.809,3279.646,,52 1:18.781,1:18.781,78.781,3273.479,,52 0:57.395,0:57.395,57.395,3250.212,,52 0:58.183,0:58.183,58.183,3271.578,,52 0:57.548,0:57.548,57.548,3250.938,,,,#VALUE!,#VALUE!,,52 0:58.031,0:58.031,58.031,3242.006,,52 1:00.214,1:00.214,60.214,3288.555,,52 1:00.553,1:00.553,60.553,3320.525,,52 0:58.034,0:58.034,58.034,3245.977,,52 0:58.433,0:58.433,58.433,3245.077,,52 0:58.893,0:58.893,58.893,3281.256,,52 0:56.960,0:56.960,56.96,3228.914,,52 0:58.888,0:58.888,58.888,3294.928,,52 0:57.112,0:57.112,57.112,3220.63,,51,3209.550,,-13.525,,-25.575,-37.596,-46.032,3.845,-16.160,-6.282,10.287,-16.733,-14.852,-22.906,-21.607,-5.516,23.704,18.791,50.422,26.490,12.813
,,#VALUE!,#VALUE!,,53 0:56.949,0:56.949,56.949,3309.899,,53 0:58.667,0:58.667,58.667,3350.570,,53 0:57.361,0:57.361,57.361,3318.451,,53 0:59.017,0:59.017,59.017,3321.391,,,,,,,53 0:57.220,0:57.220,57.220,3330.699,,53 0:57.679,0:57.679,57.679,3307.891,,53 0:58.438,0:58.438,58.438,3330.016,,53 0:57.586,0:57.586,57.586,3308.524,,,,#VALUE!,#VALUE!,,53 0:58.174,0:58.174,58.174,3300.18,,53 0:59.206,0:59.206,59.206,3347.761,,53 P 1:09.749,1:09.749,69.749,3390.274,,53 0:58.410,0:58.410,58.41,3304.387,,53 P 1:00.987,1:00.987,60.987,3306.064,,53 0:58.828,0:58.828,58.828,3340.084,,53 0:56.704,0:56.704,56.704,3285.618,,53 0:58.876,0:58.876,58.876,3353.804,,53 0:57.076,0:57.076,57.076,3277.706,,52,3272.482,,-19.532,,-30.476,-43.568,-51.852,-0.904,-21.544,-10.108,7.164,-22.270,0.997,-27.405,-26.505,-11.392,19.421,16.073,48.043,22.446,8.774
,,#VALUE!,#VALUE!,,54 0:57.426,0:57.426,57.426,3367.325,,54 P 1:11.243,1:11.243,71.243,3421.813,,54 1:00.532,1:00.532,60.532,3378.983,,54 P 1:06.254,1:06.254,66.254,3387.645,,,,,,,54 1:05.738,1:05.738,65.738,3396.437,,54 0:57.985,0:57.985,57.985,3365.876,,54 P 1:09.732,1:09.732,69.732,3399.748,,54 0:58.282,0:58.282,58.282,3366.806,,,,#VALUE!,#VALUE!,,54 0:58.458,0:58.458,58.458,3358.638,,54 P 1:10.717,1:10.717,70.717,3418.478,,54 1:22.928,1:22.928,82.928,3473.202,,54 0:57.993,0:57.993,57.993,3362.38,,54 1:25.748,1:25.748,85.748,3391.812,,54 P 1:08.974,1:08.974,68.974,3409.058,,54 0:56.676,0:56.676,56.676,3342.294,,54 P 1:13.601,1:13.601,73.601,3427.405,,54 0:57.048,0:57.048,57.048,3334.754,,53,3335.414,,-25.515,,-35.234,-49.796,-57.708,-5.398,-26.890,-14.023,,-27.523,-4.715,-29.350,-31.027,-16.963,15.156,12.347,54.860,18.390,4.670
,,#VALUE!,#VALUE!,,55 1:11.049,1:11.049,71.049,3438.374,,55 1:20.818,1:20.818,80.818,3502.631,,55 1:08.846,1:08.846,68.846,3447.829,,55 1:20.199,1:20.199,80.199,3467.844,,,,,,,55 1:04.275,1:04.275,64.275,3460.712,,55 1:11.429,1:11.429,71.429,3437.305,,55 1:21.506,1:21.506,81.506,3481.254,,55 1:11.130,1:11.130,71.130,3437.936,,,,#VALUE!,#VALUE!,,55 P 1:13.671,1:13.671,73.671,3432.309,,55 1:19.495,1:19.495,79.495,3497.973,,55 0:57.861,0:57.861,57.861,3531.063,,55 P 1:12.798,1:12.798,72.798,3435.178,,55 1:04.781,1:04.781,64.781,3456.593,,55 1:18.959,1:18.959,78.959,3488.017,,55 1:06.758,1:06.758,66.758,3409.052,,55 1:19.422,1:19.422,79.422,3506.827,,55 1:05.262,1:05.262,65.262,3400.016,,54,3398.347,,-31.022,,-39.709,-56.053,-63.593,1.401,-31.541,-10.702,,-32.471,-1.910,-6.535,-35.967,-19.364,23.466,20.131,74.855,29.058,10.711
,,#VALUE!,#VALUE!,,56 0:56.922,0:56.922,56.922,3495.296,,56 0:57.392,0:57.392,57.392,3560.023,,56 0:57.606,0:57.606,57.606,3505.435,,56 0:57.791,0:57.791,57.791,3525.635,,,,,,,56 0:57.599,0:57.599,57.599,3518.311,,56 0:57.542,0:57.542,57.542,3494.847,,56 0:56.905,0:56.905,56.905,3538.159,,56 0:58.579,0:58.579,58.579,3496.515,,,,#VALUE!,#VALUE!,,56 1:18.437,1:18.437,78.437,3510.746,,56 0:58.038,0:58.038,58.038,3556.011,,56 0:57.742,0:57.742,57.742,3588.805,,56 1:17.778,1:17.778,77.778,3512.956,,56 0:57.615,0:57.615,57.615,3514.208,,56 0:56.887,0:56.887,56.887,3544.904,,56 1:01.326,1:01.326,61.326,3470.378,,56 0:57.375,0:57.375,57.375,3564.202,,56 1:04.719,1:04.719,64.719,3464.735,,55,3461.279,,-22.905,,-28.970,-52.227,-61.263,19.975,-23.343,6.565,,-23.974,-0.567,-4.686,-26.101,-13.450,41.352,36.694,69.784,45.548,26.738
,,#VALUE!,#VALUE!,,57 0:57.073,0:57.073,57.073,3552.369,,57 0:57.454,0:57.454,57.454,3617.477,,57 0:57.406,0:57.406,57.406,3562.841,,57 0:59.304,0:59.304,59.304,3584.939,,,,,,,57 0:57.460,0:57.460,57.460,3575.771,,57 0:58.515,0:58.515,58.515,3553.362,,57 0:57.065,0:57.065,57.065,3595.224,,57 0:57.777,0:57.777,57.777,3554.292,,,,#VALUE!,#VALUE!,,57 0:57.550,0:57.550,57.55,3568.296,,57 0:57.516,0:57.516,57.516,3613.527,,57 0:57.747,0:57.747,57.747,3646.552,,57 0:56.979,0:56.979,56.979,3569.935,,57 0:57.381,0:57.381,57.381,3571.589,,57 0:57.131,0:57.131,57.131,3602.035,,57 0:56.779,0:56.779,56.779,3527.157,,57 0:57.382,0:57.382,57.382,3621.584,,57 0:56.977,0:56.977,56.977,3521.712,,56,3524.211,,-28.915,,-13.465,-53.833,-59.476,13.948,-27.696,1.424,,-29.364,-5.900,-10.003,-11.255,-18.776,35.812,31.800,64.594,39.991,20.693
,,,,,58 0:57.319,0:57.319,57.319,3609.688,,58 0:57.537,0:57.537,57.537,3675.014,,58 0:57.308,0:57.308,57.308,3620.149,,58 0:57.389,0:57.389,57.389,3642.328,,,,,,,58 0:57.546,0:57.546,57.546,3633.317,,58 0:57.698,0:57.698,57.698,3611.060,,58 0:57.141,0:57.141,57.141,3652.365,,58 0:57.465,0:57.465,57.465,3611.757,,,,,,,58 0:57.280,0:57.280,57.28,3625.576,,58 0:57.749,0:57.749,57.749,3671.276,,58 0:57.964,0:57.964,57.964,3704.516,,58 0:57.192,0:57.192,57.192,3627.127,,58 0:57.357,0:57.357,57.357,3628.946,,58 0:57.152,0:57.152,57.152,3659.187,,58 0:57.044,0:57.044,57.044,3584.201,,58 0:57.812,0:57.812,57.812,3679.396,,58 0:56.865,0:56.865,56.865,3578.577,,57,3587.144,,-34.775,,-18.848,-59.987,-65.432,8.080,-32.852,-2.205,,-33.782,-11.373,-15.555,-17.209,-24.303,30.333,26.383,59.408,34.440,14.891
,,,,,59 0:56.973,0:56.973,56.973,3666.661,,59 P 1:09.041,1:09.041,69.041,3744.055,,59 0:57.475,0:57.475,57.475,3677.624,,59 0:57.947,0:57.947,57.947,3700.275,,,,,,,59 0:57.605,0:57.605,57.605,3690.922,,59 0:57.552,0:57.552,57.552,3668.612,,59 0:57.224,0:57.224,57.224,3709.589,,59 0:57.675,0:57.675,57.675,3669.432,,,,,,,59 0:57.179,0:57.179,57.179,3682.755,,59 0:57.887,0:57.887,57.887,3729.163,,59 1:02.546,1:02.546,62.546,3767.062,,59 0:57.166,0:57.166,57.166,3684.293,,59 0:57.481,0:57.481,57.481,3686.427,,59 0:57.352,0:57.352,57.352,3716.539,,59 0:56.613,0:56.613,56.613,3640.814,,59 0:57.855,0:57.855,57.855,3737.251,,59 0:56.975,0:56.975,56.975,3635.552,,58,3650.076,,-40.388,,-24.500,-65.875,-71.499,2.289,-38.319,-7.748,,-39.016,-16.759,-21.130,-22.949,-29.927,24.938,21.200,54.440,29.320,9.111
,,,,,60 0:57.211,0:57.211,57.211,3723.872,,60 1:48.753,1:48.753,108.753,3852.808,,60 0:57.551,0:57.551,57.551,3735.175,,60 1:00.098,1:00.098,60.098,3760.373,,,,,,,60 0:57.865,0:57.865,57.865,3748.787,,60 0:57.695,0:57.695,57.695,3726.307,,60 1:02.868,1:02.868,62.868,3772.457,,60 0:57.536,0:57.536,57.536,3726.968,,,,,,,60 0:57.459,0:57.459,57.459,3740.214,,60 1:07.215,1:07.215,67.215,3796.378,,60 1:15.783,1:15.783,75.783,3842.845,,60 0:57.395,0:57.395,57.395,3741.688,,60 0:57.520,0:57.520,57.52,3743.947,,60 1:03.752,1:03.752,63.752,3780.291,,60 0:56.563,0:56.563,56.563,3697.377,,60 1:10.404,1:10.404,70.404,3807.655,,60 0:56.910,0:56.910,56.91,3692.462,,59,3713.008,,-46.347,,-30.253,-72.194,-77.456,-3.419,-43.576,-12.733,,-44.396,-22.086,-26.581,-28.715,-35.384,31.047,16.155,54.054,24.243,3.531
,,,,,61 1:08.533,1:08.533,68.533,3792.405,,61 1:28.611,1:28.611,88.611,3941.419,,61 1:09.765,1:09.765,69.765,3804.940,,61 1:15.669,1:15.669,75.669,3836.042,,,,,,,61 1:18.789,1:18.789,78.789,3827.576,,61 1:07.862,1:07.862,67.862,3794.169,,61 1:14.303,1:14.303,74.303,3846.760,,61 1:08.378,1:08.378,68.378,3795.346,,,,,,,61 1:11.756,1:11.756,71.756,3811.97,,61 1:15.721,1:15.721,75.721,3872.099,,61 1:15.203,1:15.203,75.203,3918.048,,61 1:11.440,1:11.440,71.44,3813.128,,61 1:13.120,1:13.120,73.12,3817.067,,61 1:15.539,1:15.539,75.539,3855.83,,61 0:57.510,0:57.510,57.51,3754.887,,61 1:14.676,1:14.676,74.676,3882.331,,61 0:57.158,0:57.158,57.158,3749.62,,60,3775.941,,-52.069,,-35.727,-78.564,-83.479,-3.484,-48.973,-15.568,,-49.634,-27.154,-31.994,-34.253,-40.766,76.867,20.437,66.904,31.714,4.350
,,,,,62 1:16.056,1:16.056,76.056,3868.461,,62 1:21.570,1:21.570,81.570,4022.989,,62 P 1:16.980,1:16.980,76.980,3881.920,,62 1:16.594,1:16.594,76.594,3912.636,,,,,,,62 1:10.816,1:10.816,70.816,3898.392,,62 1:15.063,1:15.063,75.063,3869.232,,62 1:16.589,1:16.589,76.589,3923.349,,62 1:15.987,1:15.987,75.987,3871.333,,,,,,,62 1:15.463,1:15.463,75.463,3887.433,,62 1:18.421,1:18.421,78.421,3950.52,,62 1:03.609,1:03.609,63.609,3981.657,,62 1:15.971,1:15.971,75.971,3889.099,,62 1:16.991,1:16.991,76.991,3894.058,,62 1:27.169,1:27.169,87.169,3942.999,,62 P 1:20.483,1:20.483,80.483,3835.37,,62 P 1:18.167,1:18.167,78.167,3960.498,,62 P 1:19.475,1:19.475,79.475,3829.095,,61,3838.873,,-46.468,,-26.903,-83.986,-89.253,7.887,-43.527,-2.831,,-44.704,-11.297,-21.806,-25.745,-33.933,102.546,33.226,79.175,43.458,16.957
,,,,,63 1:16.795,1:16.795,76.795,3945.256,,63 0:59.023,0:59.023,59.023,4082.012,,63 1:31.251,1:31.251,91.251,3973.171,,63 1:07.212,1:07.212,67.212,3979.848,,,,,,,63 1:12.429,1:12.429,72.429,3970.821,,63 1:18.201,1:18.201,78.201,3947.433,,63 P 1:06.875,1:06.875,66.875,3990.224,,63 1:17.868,1:17.868,77.868,3949.201,,,,,,,63 1:16.859,1:16.859,76.859,3964.292,,63 1:30.474,1:30.474,90.474,4040.994,,63 P 1:16.756,1:16.756,76.756,4058.413,,63 1:16.598,1:16.598,76.598,3965.697,,63 1:15.137,1:15.137,75.137,3969.195,,63 1:21.308,1:21.308,81.308,4024.307,,63 2:01.524,2:01.524,121.524,3956.894,,63 1:35.445,1:35.445,95.445,4055.943,,63 P 1:52.067,1:52.067,112.067,3941.162,,62,3901.805,,-33.344,,-14.372,-66.435,-72.710,21.544,-30.472,10.831,,-32.573,-3.413,-7.747,-12.706,-19.885,121.184,48.715,79.852,58.693,41.194
,,,,,64 1:31.907,1:31.907,91.907,4037.163,,64 1:03.072,1:03.072,63.072,4145.084,,64 1:19.559,1:19.559,79.559,4052.730,,64 1:14.648,1:14.648,74.648,4054.496,,,,,,,64 1:20.955,1:20.955,80.955,4051.776,,64 1:31.165,1:31.165,91.165,4038.598,,64 1:19.428,1:19.428,79.428,4069.652,,64 1:30.862,1:30.862,90.862,4040.063,,,,,,,64 1:20.951,1:20.951,80.951,4045.243,,64 1:15.281,1:15.281,75.281,4116.275,,64 1:25.851,1:25.851,85.851,4144.264,,64 1:22.330,1:22.330,82.33,4048.027,,64 1:21.227,1:21.227,81.227,4050.422,,64 1:11.791,1:11.791,71.791,4096.098,,64 1:25.785,1:25.785,85.785,4042.679,,64 1:13.133,1:13.133,73.133,4129.076,,64 1:42.814,1:42.814,102.814,4043.976,,63,3964.738,,-19.482,,-0.446,-7.844,-23.576,25.486,-15.537,15.110,,-17.305,6.083,4.457,0.959,8.433,117.274,76.256,93.675,91.205,59.569
,,,,,65 1:29.912,1:29.912,89.912,4127.075,,65 1:15.734,1:15.734,75.734,4220.818,,65 1:28.651,1:28.651,88.651,4141.381,,65 1:28.561,1:28.561,88.561,4143.057,,,,,,,65 1:28.378,1:28.378,88.378,4140.154,,65 1:29.872,1:29.872,89.872,4128.470,,65 1:14.516,1:14.516,74.516,4144.168,,65 1:29.584,1:29.584,89.584,4129.647,,,,,,,65 1:27.927,1:27.927,87.927,4133.17,,65 0:59.313,0:59.313,59.313,4175.588,,65 1:07.260,1:07.260,67.26,4211.524,,65 1:27.511,1:27.511,87.511,4135.538,,65 1:27.437,1:27.437,87.437,4137.859,,65 0:58.485,0:58.485,58.485,4154.583,,65 1:28.299,1:28.299,88.299,4130.978,,65 0:58.922,0:58.922,58.922,4187.998,,65 1:28.181,1:28.181,88.181,4132.157,,64,4027.670,,9.493,,17.573,15.009,16.306,41.982,12.393,26.826,,10.928,24.106,22.752,20.357,25.060,117.414,88.605,116.594,101.406,68.428
,,,,,66 1:34.625,1:34.625,94.625,4221.700,,66 1:02.078,1:02.078,62.078,4282.896,,66 1:32.927,1:32.927,92.927,4234.308,,66 1:33.017,1:33.017,93.017,4236.074,,,,,,,66 1:33.133,1:33.133,93.133,4233.287,,66 1:34.418,1:34.418,94.418,4222.888,,66 1:32.740,1:32.740,92.740,4236.908,,66 1:34.632,1:34.632,94.632,4224.279,,,,,,,66 1:34.206,1:34.206,94.206,4227.376,,66 1:04.761,1:04.761,64.761,4240.349,,66 0:58.416,0:58.416,58.416,4269.94,,66 1:33.740,1:33.740,93.74,4229.278,,66 1:33.347,1:33.347,93.347,4231.206,,66 1:24.284,1:24.284,84.284,4238.867,,66 1:34.185,1:34.185,94.185,4225.163,,66 0:59.770,0:59.770,59.77,4247.768,,66 1:34.343,1:34.343,94.343,4226.5,,65,4090.602,,36.473,,42.568,40.376,41.555,53.566,39.045,52.455,,37.868,49.552,47.257,44.936,50.779,130.216,84.986,120.922,97.396,63.981
,,,,,67 1:26.387,1:26.387,86.387,4308.087,,67 0:58.343,0:58.343,58.343,4341.239,,67 1:26.562,1:26.562,86.562,4320.870,,67 1:26.565,1:26.565,86.565,4322.639,,,,,,,67 1:25.448,1:25.448,85.448,4318.735,,67 1:26.591,1:26.591,86.591,4309.479,,67 1:26.798,1:26.798,86.798,4323.706,,67 1:25.875,1:25.875,85.875,4310.154,,,,,,,67 1:27.516,1:27.516,87.516,4314.892,,67 1:26.003,1:26.003,86.003,4326.352,,67 0:59.784,0:59.784,59.784,4329.724,,67 1:26.428,1:26.428,86.428,4315.706,,67 1:26.415,1:26.415,86.415,4317.621,,67 1:26.521,1:26.521,86.521,4325.388,,67 1:26.307,1:26.307,86.307,4311.47,,67 1:20.110,1:20.110,80.11,4327.878,,67 1:26.885,1:26.885,86.885,4313.385,,66,4153.535,,68.165,,73.841,71.628,72.965,83.373,70.744,82.539,,69.353,79.752,77.671,75.743,80.773,129.361,86.814,116.405,94.233,85.332
,,,,,68 1:23.264,1:23.264,83.264,4391.351,,68 1:00.362,1:00.362,60.362,4401.601,,68 1:15.535,1:15.535,75.535,4396.405,,68 1:14.300,1:14.300,74.300,4396.939,,,,,,,68 1:17.413,1:17.413,77.413,4396.148,,68 1:22.462,1:22.462,82.462,4391.941,,68 1:13.588,1:13.588,73.588,4397.294,,68 1:22.415,1:22.415,82.415,4392.569,,,,,,,68 1:18.787,1:18.787,78.787,4393.679,,68 1:11.841,1:11.841,71.841,4398.193,,68 1:09.827,1:09.827,69.827,4399.551,,68 1:18.775,1:18.775,78.775,4394.481,,68 1:17.911,1:17.911,77.911,4395.532,,68 1:12.153,1:12.153,72.153,4397.541,,68 1:21.491,1:21.491,81.491,4392.961,,68 1:10.711,1:10.711,70.711,4398.589,,68 1:19.862,1:19.862,79.862,4393.247,,67,4216.467,,91.620,,98.425,95.003,96.918,107.239,93.687,106.172,,93.012,102.268,101.154,99.239,104.403,124.772,109.885,113.257,111.411,108.921
,,,,,69 0:56.789,0:56.789,56.789,4448.140,,69 0:57.963,0:57.963,57.963,4459.564,,69 0:57.493,0:57.493,57.493,4453.898,,69 0:58.299,0:58.299,58.299,4455.238,,,,,,,69 0:58.446,0:58.446,58.446,4454.594,,69 0:57.663,0:57.663,57.663,4449.604,,69 0:58.518,0:58.518,58.518,4455.812,,69 0:57.801,0:57.801,57.801,4450.370,,,,,,,69 0:58.552,0:58.552,58.552,4452.231,,69 0:58.719,0:58.719,58.719,4456.912,,69 0:58.473,0:58.473,58.473,4458.024,,69 0:58.519,0:58.519,58.519,4453,,69 0:57.951,0:57.951,57.951,4453.483,,69 0:58.742,0:58.742,58.742,4456.283,,69 0:58.159,0:58.159,58.159,4451.12,,69 0:58.621,0:58.621,58.621,4457.21,,69 0:58.237,0:58.237,58.237,4451.484,,68,4279.399,,111.952,,114.280,113.562,113.848,117.895,113.170,117.540,,112.542,116.749,116.133,115.082,117.006,122.202,118.794,120.152,119.190,118.142
,,,,,70 0:56.879,0:56.879,56.879,4505.019,,70 0:58.283,0:58.283,58.283,4517.847,,70 0:58.185,0:58.185,58.185,4512.083,,70 0:58.197,0:58.197,58.197,4513.435,,,,,,,70 0:58.268,0:58.268,58.268,4512.862,,70 0:57.431,0:57.431,57.431,4507.035,,70 0:58.203,0:58.203,58.203,4514.015,,70 0:57.686,0:57.686,57.686,4508.056,,,,,,,70 0:57.998,0:57.998,57.998,4510.229,,70 0:59.631,0:59.631,59.631,4516.543,,70 0:59.111,0:59.111,59.111,4517.135,,70 0:57.822,0:57.822,57.822,4510.822,,70 0:58.127,0:58.127,58.127,4511.61,,70 0:58.397,0:58.397,58.397,4514.68,,70 0:58.572,0:58.572,58.572,4509.692,,70 0:59.220,0:59.220,59.22,4516.43,,70 0:57.533,0:57.533,57.533,4509.017,,69,4342.332,,105.808,,109.899,108.788,109.152,113.480,108.038,112.906,,107.272,112.262,111.151,110.668,111.566,117.232,114.580,115.692,114.878,113.951
,,,,,71 0:56.811,0:56.811,56.811,4561.830,,71 0:58.849,0:58.849,58.849,4576.696,,71 0:57.792,0:57.792,57.792,4569.875,,71 0:57.772,0:57.772,57.772,4571.207,,,,,,,71 0:57.883,0:57.883,57.883,4570.745,,71 0:57.361,0:57.361,57.361,4564.396,,71 0:57.954,0:57.954,57.954,4571.969,,71 0:57.525,0:57.525,57.525,4565.581,,,,,,,71 0:57.578,0:57.578,57.578,4567.807,,71 0:58.944,0:58.944,58.944,4575.487,,71 0:58.874,0:58.874,58.874,4576.009,,71 0:57.831,0:57.831,57.831,4568.653,,71 0:57.800,0:57.800,57.8,4569.41,,71 0:58.051,0:58.051,58.051,4572.731,,71 0:57.379,0:57.379,57.379,4567.071,,71 0:58.118,0:58.118,58.118,4574.548,,71 0:56.961,0:56.961,56.961,4565.978,,70,4405.264,,99.755,,104.965,104.428,103.753,108.751,102.792,108.171,,101.771,107.598,106.346,105.558,106.819,112.583,111.279,111.871,111.166,109.416
,,,,,72 0:56.975,0:56.975,56.975,4618.805,,72 0:58.304,0:58.304,58.304,4635.000,,72 0:57.068,0:57.068,57.068,4626.943,,72 0:58.295,0:58.295,58.295,4629.502,,,,,,,72 0:58.275,0:58.275,58.275,4629.020,,72 0:57.582,0:57.582,57.582,4621.978,,72 0:57.968,0:57.968,57.968,4629.937,,72 0:58.400,0:58.400,58.400,4623.981,,,,,,,72 0:57.481,0:57.481,57.481,4625.288,,72 0:58.020,0:58.020,58.02,4633.507,,72 0:58.018,0:58.018,58.018,4634.027,,72 0:57.434,0:57.434,57.434,4626.087,,72 0:58.347,0:58.347,58.347,4627.757,,72 0:57.692,0:57.692,57.692,4630.423,,72 0:57.458,0:57.458,57.458,4624.529,,72 0:57.790,0:57.790,57.79,4632.338,,72 0:56.563,0:56.563,56.563,4622.541,,71,4468.196,,93.634,,99.611,98.875,97.782,103.773,97.385,103.011,,96.200,102.549,101.214,100.457,101.679,108.500,107.291,107.813,106.352,104.535
,,,,,73 0:56.826,0:56.826,56.826,4675.631,,73 0:58.277,0:58.277,58.277,4693.277,,73 0:57.185,0:57.185,57.185,4684.128,,73 0:58.633,0:58.633,58.633,4688.135,,,,,,,73 0:58.592,0:58.592,58.592,4687.612,,73 0:58.233,0:58.233,58.233,4680.211,,73 0:58.720,0:58.720,58.720,4688.657,,73 0:57.621,0:57.621,57.621,4681.602,,,,,,,73 0:57.502,0:57.502,57.502,4682.79,,73 0:58.274,0:58.274,58.274,4691.781,,73 0:58.406,0:58.406,58.406,4692.433,,73 0:57.463,0:57.463,57.463,4683.55,,73 0:57.191,0:57.191,57.191,4684.948,,73 0:58.857,0:58.857,58.857,4689.28,,73 0:57.742,0:57.742,57.742,4682.271,,73 0:57.944,0:57.944,57.944,4690.282,,73 0:56.514,0:56.514,56.514,4679.055,,72,4531.129,,87.676,,94.159,93.400,91.412,98.808,92.852,98.373,,90.849,97.891,96.628,94.958,95.814,103.871,102.378,102.898,101.209,99.294
,,,,,74 0:56.911,0:56.911,56.911,4732.542,,74 0:58.262,0:58.262,58.262,4751.539,,74 0:57.499,0:57.499,57.499,4741.627,,74 0:58.063,0:58.063,58.063,4746.198,,,,,,,74 0:57.890,0:57.890,57.890,4745.502,,74 0:57.514,0:57.514,57.514,4737.725,,74 0:58.465,0:58.465,58.465,4747.122,,74 0:57.565,0:57.565,57.565,4739.167,,,,,,,74 0:57.716,0:57.716,57.716,4740.506,,74 0:58.004,0:58.004,58.004,4749.785,,74 0:58.563,0:58.563,58.563,4750.996,,74 0:57.669,0:57.669,57.669,4741.219,,74 0:57.449,0:57.449,57.449,4742.397,,74 0:58.583,0:58.583,58.583,4747.863,,74 0:57.537,0:57.537,57.537,4739.808,,74 0:57.720,0:57.720,57.72,4748.002,,74 0:56.710,0:56.710,56.71,4735.765,,73,4594.061,,81.570,,88.729,88.210,84.994,94.596,87.541,94.074,,86.150,93.551,90.887,89.489,90.067,99.216,97.720,98.372,96.221,95.219
,,,,,75 0:56.826,0:56.826,56.826,4789.368,,75 0:58.917,0:58.917,58.917,4810.456,,75 0:57.980,0:57.980,57.980,4799.607,,75 0:57.623,0:57.623,57.623,4803.821,,,,,,,75 0:57.433,0:57.433,57.433,4802.935,,75 0:57.350,0:57.350,57.350,4795.075,,75 0:57.577,0:57.577,57.577,4804.699,,75 0:57.479,0:57.479,57.479,4796.646,,,,,,,75 0:57.577,0:57.577,57.577,4798.083,,75 0:58.379,0:58.379,58.379,4808.164,,75 0:58.649,0:58.649,58.649,4809.645,,75 0:57.718,0:57.718,57.718,4798.937,,75 0:57.850,0:57.850,57.85,4800.247,,75 0:57.551,0:57.551,57.551,4805.414,,75 0:57.611,0:57.611,57.611,4797.419,,75 0:58.359,0:58.359,58.359,4806.361,,75 0:56.393,0:56.393,56.393,4792.158,,74,4656.994,,75.548,,83.512,82.814,78.771,90.128,82.173,89.204,,80.731,88.508,85.403,84.225,84.633,94.545,92.791,94.002,91.008,90.869
,,,,,76 0:56.862,0:56.862,56.862,4846.230,,76 0:59.093,0:59.093,59.093,4869.549,,76 0:57.361,0:57.361,57.361,4856.968,,76 0:57.349,0:57.349,57.349,4861.170,,,,,,,76 0:57.377,0:57.377,57.377,4860.312,,76 0:57.613,0:57.613,57.613,4852.688,,76 0:57.431,0:57.431,57.431,4862.130,,76 0:57.505,0:57.505,57.505,4854.151,,,,,,,76 0:57.441,0:57.441,57.441,4855.524,,76 0:57.973,0:57.973,57.973,4866.137,,76 0:58.543,0:58.543,58.543,4868.188,,76 0:57.471,0:57.471,57.471,4856.408,,76 0:57.566,0:57.566,57.566,4857.813,,76 0:57.683,0:57.683,57.683,4863.097,,76 0:57.465,0:57.465,57.465,4854.884,,76 0:57.488,0:57.488,57.488,4863.849,,76 0:56.442,0:56.442,56.442,4848.6,,75,4719.926,,69.442,,78.157,77.493,72.232,84.773,76.720,83.895,,75.149,83.009,80.321,79.011,79.681,90.530,88.238,89.719,86.435,85.488
,,,,,77 0:56.885,0:56.885,56.885,4903.115,,77 0:58.545,0:58.545,58.545,4928.094,,77 0:58.150,0:58.150,58.150,4915.118,,77 0:57.402,0:57.402,57.402,4918.572,,,,,,,77 0:57.473,0:57.473,57.473,4917.785,,77 0:57.473,0:57.473,57.473,4910.161,,77 0:57.705,0:57.705,57.705,4919.835,,77 0:57.442,0:57.442,57.442,4911.593,,,,,,,77 0:57.658,0:57.658,57.658,4913.182,,77 0:58.325,0:58.325,58.325,4924.462,,77 0:58.520,0:58.520,58.52,4926.708,,77 0:57.586,0:57.586,57.586,4913.994,,77 0:57.479,0:57.479,57.479,4915.292,,77 0:57.711,0:57.711,57.711,4920.808,,77 1:00.164,1:00.164,60.164,4915.048,,77 0:57.891,0:57.891,57.891,4921.74,,77 0:56.862,0:56.862,56.862,4905.462,,76,4782.858,,63.372,,72.666,72.026,65.742,79.272,71.293,78.312,,69.830,77.454,74.955,73.550,74.110,86.691,83.279,85.330,80.991,80.239
,,,,,78 0:56.999,0:56.999,56.999,4960.114,,78 0:58.415,0:58.415,58.415,4986.509,,78 0:57.330,0:57.330,57.330,4972.448,,78 0:57.709,0:57.709,57.709,4976.281,,,,,,,78 0:57.787,0:57.787,57.787,4975.572,,78 0:57.728,0:57.728,57.728,4967.889,,78 0:57.742,0:57.742,57.742,4977.577,,78 0:57.723,0:57.723,57.723,4969.316,,,,,,,78 0:57.531,0:57.531,57.531,4970.713,,78 0:58.721,0:58.721,58.721,4983.183,,78 0:58.470,0:58.470,58.47,4985.178,,78 0:57.502,0:57.502,57.502,4971.496,,78 0:58.002,0:58.002,58.002,4973.294,,78 0:57.883,0:57.883,57.883,4978.691,,78 0:59.084,0:59.084,59.084,4974.132,,78 0:57.811,0:57.811,57.811,4979.551,,78 P 0:59.091,0:59.091,59.091,4964.553,,77,4845.791,,57.324,,67.391,69.257,59.671,74.044,65.802,72.781,,64.370,71.994,69.501,68.203,69.327,82.303,78.671,80.917,75.949,75.017
,,,,,79 0:57.193,0:57.193,57.193,5017.307,,79 0:58.193,0:58.193,58.193,5044.702,,79 0:57.450,0:57.450,57.450,5029.898,,79 0:57.884,0:57.884,57.884,5034.165,,,,,,,79 0:57.762,0:57.762,57.762,5033.334,,79 0:57.550,0:57.550,57.550,5025.439,,79 0:57.859,0:57.859,57.859,5035.436,,79 0:57.542,0:57.542,57.542,5026.858,,,,,,,79 0:57.550,0:57.550,57.55,5028.263,,79 0:58.837,0:58.837,58.837,5042.02,,79 0:58.510,0:58.510,58.51,5043.688,,79 0:57.641,0:57.641,57.641,5029.137,,79 0:57.550,0:57.550,57.55,5030.844,,79 0:57.802,0:57.802,57.802,5036.493,,79 0:57.653,0:57.653,57.653,5031.785,,79 0:57.789,0:57.789,57.789,5037.34,,79 1:16.832,1:16.832,76.832,5041.385,,78,4908.723,,51.391,,61.990,65.409,55.830,68.854,60.593,67.558,,59.166,66.849,64.571,62.773,63.725,77.786,74.460,76.455,70.828,69.968
,,,,,80 0:57.000,0:57.000,57.000,5074.307,,80 0:58.018,0:58.018,58.018,5102.720,,80 0:57.177,0:57.177,57.177,5087.075,,80 0:57.289,0:57.289,57.289,5091.454,,,,,,,80 0:57.286,0:57.286,57.286,5090.620,,80 0:57.522,0:57.522,57.522,5082.961,,80 0:57.529,0:57.529,57.529,5092.965,,80 0:57.435,0:57.435,57.435,5084.293,,,,,,,80 0:57.165,0:57.165,57.165,5085.428,,80 0:57.866,0:57.866,57.866,5099.886,,80 0:58.294,0:58.294,58.294,5101.982,,80 0:57.262,0:57.262,57.262,5086.399,,80 0:57.001,0:57.001,57.001,5087.845,,80 0:57.639,0:57.639,57.639,5094.132,,80 0:57.038,0:57.038,57.038,5088.823,,80 0:57.696,0:57.696,57.696,5095.036,,80 0:55.404,0:55.404,55.404,5096.789,,79,4971.655,,45.652,,56.608,60.130,69.730,63.781,55.203,62.510,,53.784,61.679,59.189,57.482,58.243,73.047,70.365,72.033,65.685,64.838
,,,,,81 0:57.118,0:57.118,57.118,5131.425,,81 0:58.395,0:58.395,58.395,5161.115,,81 0:57.278,0:57.278,57.278,5144.353,,81 0:57.591,0:57.591,57.591,5149.045,,,,,,,81 0:57.362,0:57.362,57.362,5147.982,,81 0:57.529,0:57.529,57.529,5140.490,,81 0:57.672,0:57.672,57.672,5150.637,,81 0:57.401,0:57.401,57.401,5141.694,,,,,,,81 0:57.232,0:57.232,57.232,5142.66,,81 0:58.254,0:58.254,58.254,5158.14,,81 0:58.690,0:58.690,58.69,5160.672,,81 0:57.221,0:57.221,57.221,5143.62,,81 0:57.105,0:57.105,57.105,5144.95,,81 0:57.865,0:57.865,57.865,5151.997,,81 0:57.546,0:57.546,57.546,5146.369,,81 0:58.649,0:58.649,58.649,5153.685,,81 0:56.542,0:56.542,56.542,5153.331,,80,5034.588,,39.719,,50.840,54.235,62.201,58.377,49.705,56.866,,48.373,56.032,53.257,51.811,52.487,68.132,65.298,67.394,60.448,59.544
,,,,,82 0:57.394,0:57.394,57.394,5188.819,,82 0:58.012,0:58.012,58.012,5219.127,,82 0:57.339,0:57.339,57.339,5201.692,,82 0:57.356,0:57.356,57.356,5206.401,,,,,,,82 0:57.590,0:57.590,57.590,5205.572,,82 0:57.557,0:57.557,57.557,5198.047,,82 0:57.670,0:57.670,57.670,5208.307,,82 0:57.554,0:57.554,57.554,5199.248,,,,,,,82 0:57.648,0:57.648,57.648,5200.308,,82 0:58.202,0:58.202,58.202,5216.342,,82 0:59.696,0:59.696,59.696,5220.368,,82 0:57.492,0:57.492,57.492,5201.112,,82 0:57.448,0:57.448,57.448,5202.398,,82 0:57.750,0:57.750,57.75,5209.747,,82 0:57.198,0:57.198,57.198,5203.567,,82 0:57.870,0:57.870,57.87,5211.555,,82 0:56.777,0:56.777,56.777,5210.108,,81,5097.520,,33.905,,45.140,48.849,55.811,53.117,44.174,51.525,,42.970,50.462,47.430,46.100,46.833,63.595,60.620,63.152,56.165,54.477
,,,,,83 0:57.066,0:57.066,57.066,5245.885,,83 0:57.944,0:57.944,57.944,5277.071,,83 0:57.649,0:57.649,57.649,5259.341,,83 0:57.467,0:57.467,57.467,5263.868,,,,,,,83 0:57.458,0:57.458,57.458,5263.030,,83 0:57.466,0:57.466,57.466,5255.513,,83 0:57.644,0:57.644,57.644,5265.951,,83 0:57.520,0:57.520,57.520,5256.768,,,,,,,83 0:57.512,0:57.512,57.512,5257.82,,83 0:58.401,0:58.401,58.401,5274.743,,83 0:58.623,0:58.623,58.623,5278.991,,83 0:57.625,0:57.625,57.625,5258.737,,83 0:57.827,0:57.827,57.827,5260.225,,83 0:58.211,0:58.211,58.211,5267.958,,83 0:57.305,0:57.305,57.305,5260.872,,83 0:58.175,0:58.175,58.175,5269.73,,83 0:56.319,0:56.319,56.319,5266.427,,82,5160.452,,28.367,,39.856,43.115,49.656,47.855,38.796,45.949,,37.595,45.120,41.946,40.660,41.240,58.675,55.890,59.916,51.103,49.295
,,,,,84 0:57.374,0:57.374,57.374,5303.259,,84 0:58.288,0:58.288,58.288,5335.359,,84 0:57.524,0:57.524,57.524,5316.865,,84 0:57.395,0:57.395,57.395,5321.263,,,,,,,84 0:57.592,0:57.592,57.592,5320.622,,84 0:57.532,0:57.532,57.532,5313.045,,84 0:58.309,0:58.309,58.309,5324.260,,84 0:57.633,0:57.633,57.633,5314.401,,,,,,,84 0:57.476,0:57.476,57.476,5315.296,,84 0:58.113,0:58.113,58.113,5332.856,,84 0:58.313,0:58.313,58.313,5337.304,,84 0:57.440,0:57.440,57.44,5316.177,,84 0:57.385,0:57.385,57.385,5317.61,,84 0:57.815,0:57.815,57.815,5325.773,,84 0:57.353,0:57.353,57.353,5318.225,,84 0:57.744,0:57.744,57.744,5327.474,,84 0:56.499,0:56.499,56.499,5322.926,,83,5223.385,,22.500,,34.435,37.487,43.042,42.566,33.383,40.483,,32.128,39.645,36.840,35.352,35.956,53.686,51.358,55.606,46.345,44.573
,,,,,85 0:57.208,0:57.208,57.208,5360.467,,85 0:57.761,0:57.761,57.761,5393.120,,85 0:57.322,0:57.322,57.322,5374.187,,85 0:57.270,0:57.270,57.270,5378.533,,,,,,,85 0:58.739,0:58.739,58.739,5379.361,,85 0:57.546,0:57.546,57.546,5370.591,,85 0:57.857,0:57.857,57.857,5382.117,,85 0:57.388,0:57.388,57.388,5371.789,,,,,,,85 0:57.395,0:57.395,57.395,5372.691,,85 0:58.139,0:58.139,58.139,5390.995,,85 0:58.166,0:58.166,58.166,5395.47,,85 0:57.377,0:57.377,57.377,5373.554,,85 0:57.400,0:57.400,57.4,5375.01,,85 0:57.677,0:57.677,57.677,5383.45,,85 0:57.798,0:57.798,57.798,5376.023,,85 0:57.513,0:57.513,57.513,5384.987,,85 0:56.970,0:56.970,56.97,5379.896,,84,5286.317,,16.942,,28.979,31.908,36.609,37.943,28.084,34.946,,26.728,34.305,31.293,29.860,30.548,49.042,46.539,50.987,41.157,39.456
,,,,,86 0:57.404,0:57.404,57.404,5417.871,,86 0:57.727,0:57.727,57.727,5450.847,,86 0:57.386,0:57.386,57.386,5431.573,,86 0:57.529,0:57.529,57.529,5436.062,,,,,,,86 0:58.447,0:58.447,58.447,5437.808,,86 0:57.521,0:57.521,57.521,5428.112,,86 0:57.762,0:57.762,57.762,5439.879,,86 0:57.404,0:57.404,57.404,5429.193,,,,,,,86 0:57.199,0:57.199,57.199,5429.89,,86 0:58.257,0:58.257,58.257,5449.252,,86 0:58.375,0:58.375,58.375,5453.845,,86 0:57.225,0:57.225,57.225,5430.779,,86 0:57.326,0:57.326,57.326,5432.336,,86 0:57.811,0:57.811,57.811,5441.261,,86 0:57.039,0:57.039,57.039,5433.062,,86 0:58.107,0:58.107,58.107,5443.094,,86 0:56.848,0:56.848,56.848,5436.744,,85,5349.249,,11.218,,23.442,26.774,30.647,32.868,22.540,29.284,,21.342,30.112,25.761,24.305,24.938,43.871,41.746,46.221,35.738,34.201
,,,,,87 0:57.243,0:57.243,57.243,5475.114,,87 0:57.941,0:57.941,57.941,5508.788,,87 0:57.383,0:57.383,57.383,5488.956,,87 0:58.593,0:58.593,58.593,5494.655,,,,,,,87 0:57.833,0:57.833,57.833,5495.641,,87 0:57.520,0:57.520,57.520,5485.632,,87 0:57.846,0:57.846,57.846,5497.725,,87 0:57.790,0:57.790,57.790,5486.983,,,,,,,87 0:57.804,0:57.804,57.804,5487.694,,87 0:58.232,0:58.232,58.232,5507.484,,87 0:58.127,0:58.127,58.127,5511.972,,87 0:57.665,0:57.665,57.665,5488.444,,87 0:57.312,0:57.312,57.312,5489.648,,87 0:57.964,0:57.964,57.964,5499.225,,87 0:57.441,0:57.441,57.441,5490.503,,87 0:58.173,0:58.173,58.173,5501.267,,87 0:56.926,0:56.926,56.926,5493.67,,86,5412.182,,5.689,,17.708,20.880,24.562,27.697,17.011,23.880,,15.930,25.626,20.154,18.597,19.391,38.665,37.070,41.663,30.912,29.079
,,,,,,,,,,,,,,,,,,,,,,,,,,,,,,,,,,,,,,,,,,,,,,,,,,,,,,,,,,,,,,,,,,,,,,,,,,,,,,,,,,,,,,,,,,,,,,,,,,,,87,5475.114,,0.000,,12.580,15.389,18.556,22.611,11.869,19.541,,10.518,20.527,14.534,13.330,13.842,33.674,32.370,36.858,26.153,24.111
,,,,,,,,,,,,,,,,,,,,,,,,,,,,,,,,,,,,,,,,,,,,,,,,,,,,,,,,,,,,,,,,,,,,,,,,,,,,,,,,,,,,,,,,,,,,,,,,,,,,,,,,,,,,,,,,,,,,,,,,,
,,,,,,,,,,,,,,,,,,,,,,,,,,,,,,,,,,,,,,,,,,,,,,,,,,,,,,,,,,,,,,,,,,,,,,,,,,,,,,,,,,,,,,,,,,,,,,,,,,,,,,,,,,,,,,,,,,,,,,,,,
,,,,,,,,,,,,,,,,,,,,,,,,,,,,,,,,,,,,,,,,,,,,,,,,,,,,,,,,,,,,,,,,,,,,,,,,,,,,,,,,,,,,,,,,,,,,,,,,,,,,,,,,,,,,,,,,,,,,,,,,,
,,,,,,,,,,,,,,,,,,,,,,,,,,,,,,,,,,,,,,,,,,,,,,,,,,,,,,,,,,,,,,,,,,,,,,,,,,,,,,,,,,,,,,,,,,,,,,,,,,,,,,,,,,,,,,,,,,,,,,,,,
,,,,,,,,,,,,,,,,,,,,,,,,,,,,,,,,,,,,,,,,,,,,,,,,,,,,,,,,,,,,,,,,,,,,,,,,,,,,,,,,,,,,,,,,,,,,,,,,,,,,,,,,,,,,,,,,,,,,,,,,,
,,,,,,,,,,,,,,,,,,,,,,,,,,,,,,,,,,,,,,,,,,,,,,,,,,,,,,,,,,,,,,,,,,,,,,,,,,,,,,,,,,,,,,,,,,,,,,,,,,,,,,,,,,,,,,,,,,,,,,,,,
,,,,,,,,,,,,,,,,,,,,,,,,,,,,,,,,,,,,,,,,,,,,,,,,,,,,,,,,,,,,,,,,,,,,,,,,,,,,,,,,,,,,,,,,,,,,,,,,,,,,,,,,,,,,,,,,,,,,,,,,,
,,,,,,,,,,,,,,,,,,,,,,,,,,,,,,,,,,,,,,,,,,,,,,,,,,,,,,,,,,,,,,,,,,,,,,,,,,,,,,,,,,,,,,,,,,,,,,,,,,,,,,,,,,,,,,,,,,,,,,,,,
,,,,,,,,,,,,,,,,,,,,,,,,,,,,,,,,,,,,,,,,,,,,,,,,,,,,,,,,,,,,,,,,,,,,,,,,,,,,,,,,,,,,,,,,,,,,,,,,,,,,,,,,,,,,,,,,,,,,,,,,,
,,,,,,,,,,,,,,,,,,,,,,,,,,,,,,,,,,,,,,,,,,,,,,,,,,,,,,,,,,,,,,,,,,,,,,,,,,,,,,,,,,,,,,,,,,,,,,,,,,,,,,,,,,,,,,,,,,,,,,,,,
,,,,,,,,,,,,,,,,,,,,,,,,,,,,,,,,,,,,,,,,,,,,,,,,,,,,,,,,,,,,,,,,,,,,,,,,,,,,,,,,,,,,,,,,,,,,,,,,,,,,,,,,,,,,,,,,,,,,,,,,,
,,,,,,,,,,,,,,,,,,,,,,,,,,,,,,,,,,,,,,,,,,,,,,,,,,,,,,,,,,,,,,,,,,,,,,,,,,,,,,,,,,,,,,,,,,,,,,,,,,,,,,,,,,,,,,,,,,,,,,,,,
,,,,,,,,,,,,,,,,,,,,,,,,,,,,,,,,,,,,,,,,,,,,,,,,,,,,,,,,,,,,,,,,,,,,,,,,,,,,,,,,,,,,,,,,,,,,,,,,,,,,,,,,,,,,,,,,,,,,,,,,,
,,,,,,,,,,,,,,,,,,,,,,,,,,,,,,,,,,,,,,,,,,,,,,,,,,,,,,,,,,,,,,,,,,,,,,,,,,,,,,,,,,,,,,,,,,,,,,,,,,,,,,,,,,,,,,,,,,,,,,,,,
,,,,,,,,,,,,,,,,,,,,,,,,,,,,,,,,,,,,,,,,,,,,,,,,,,,,,,,,,,,,,,,,,,,,,,,,,,,,,,,,,,,,,,,,,,,,,,,,,,,,,,,,,,,,,,,,,,,,,,,,,
,,,,,,,,,,,,,,,,,,,,,,,,,,,,,,,,,,,,,,,,,,,,,,,,,,,,,,,,,,,,,,,,,,,,,,,,,,,,,,,,,,,,,,,,,,,,,,,,,,,,,,,,,,,,,,,,,,,,,,,,,
,,,,,,,,,,,,,,,,,,,,,,,,,,,,,,,,,,,,,,,,,,,,,,,,,,,,,,,,,,,,,,,,,,,,,,,,,,,,,,,,,,,,,,,,,,,,,,,,,,,,,,,,,,,,,,,,,,,,,,,,,
,,,,,,,,,,,,,,,,,,,,,,,,,,,,,,,,,,,,,,,,,,,,,,,,,,,,,,,,,,,,,,,,,,,,,,,,,,,,,,,,,,,,,,,,,,,,,,,,,,,,,,,,,,,,,,,,,,,,,,,,,
,,,,,,,,,,,,,,,,,,,,,,,,,,,,,,,,,,,,,,,,,,,,,,,,,,,,,,,,,,,,,,,,,,,,,,,,,,,,,,,,,,,,,,,,,,,,,,,,,,,,,,,,,,,,,,,,,,,,,,,,,
,,,,,,,,,,,,,,,,,,,,,,,,,,,,,,,,,,,,,,,,,,,,,,,,,,,,,,,,,,,,,,,,,,,,,,,,,,,,,,,,,,,,,,,,,,,,,,,,,,,,,,,,,,,,,,,,,,,,,,,,,
,,,,,,,,,,,,,,,,,,,,,,,,,,,,,,,,,,,,,,,,,,,,,,,,,,,,,,,,,,,,,,,,,,,,,,,,,,,,,,,,,,,,,,,,,,,,,,,,,,,,,,,,,,,,,,,,,,,,,,,,,
,,,,,,,,,,,,,,,,,,,,,,,,,,,,,,,,,,,,,,,,,,,,,,,,,,,,,,,,,,,,,,,,,,,,,,,,,,,,,,,,,,,,,,,,,,,,,,,,,,,,,,,,,,,,,,,,,,,,,,,,,
,,,,,,,,,,,,,,,,,,,,,,,,,,,,,,,,,,,,,,,,,,,,,,,,,,,,,,,,,,,,,,,,,,,,,,,,,,,,,,,,,,,,,,,,,,,,,,,,,,,,,,,,,,,,,,,,,,,,,,,,,
,,,,,,,,,,,,,,,,,,,,,,,,,,,,,,,,,,,,,,,,,,,,,,,,,,,,,,,,,,,,,,,,,,,,,,,,,,,,,,,,,,,,,,,,,,,,,,,,,,,,,,,,,,,,,,,,,,,,,,,,,
,,,,,,,,,,,,,,,,,,,,,,,,,,,,,,,,,,,,,,,,,,,,,,,,,,,,,,,,,,,,,,,,,,,,,,,,,,,,,,,,,,,,,,,,,,,,,,,,,,,,,,,,,,,,,,,,,,,,,,,,,
,,,,,,,,,,,,,,,,,,,,,,,,,,,,,,,,,,,,,,,,,,,,,,,,,,,,,,,,,,,,,,,,,,,,,,,,,,,,,,,,,,,,,,,,,,,,,,,,,,,,,,,,,,,,,,,,,,,,,,,,,
,,,,,,,,,,,,,,,,,,,,,,,,,,,,,,,,,,,,,,,,,,,,,,,,,,,,,,,,,,,,,,,,,,,,,,,,,,,,,,,,,,,,,,,,,,,,,,,,,,,,,,,,,,,,,,,,,,,,,,,,,
,,,,,,,,,,,,,,,,,,,,,,,,,,,,,,,,,,,,,,,,,,,,,,,,,,,,,,,,,,,,,,,,,,,,,,,,,,,,,,,,,,,,,,,,,,,,,,,,,,,,,,,,,,,,,,,,,,,,,,,,,
,,,,,,,,,,,,,,,,,,,,,,,,,,,,,,,,,,,,,,,,,,,,,,,,,,,,,,,,,,,,,,,,,,,,,,,,,,,,,,,,,,,,,,,,,,,,,,,,,,,,,,,,,,,,,,,,,,,,,,,,,
,,,,,,,,,,,,,,,,,,,,,,,,,,,,,,,,,,,,,,,,,,,,,,,,,,,,,,,,,,,,,,,,,,,,,,,,,,,,,,,,,,,,,,,,,,,,,,,,,,,,,,,,,,,,,,,,,,,,,,,,,
,,,,,,,,,,,,,,,,,,,,,,,,,,,,,,,,,,,,,,,,,,,,,,,,,,,,,,,,,,,,,,,,,,,,,,,,,,,,,,,,,,,,,,,,,,,,,,,,,,,,,,,,,,,,,,,,,,,,,,,,,
