1 Max VERSTAPPEN,,MV_Laptime_s,MV_Cumulative,,11 Sergio PEREZ,,SP_Laptime_s,SP_Cumulative,,2 Logan SARGEANT,,LS_Laptime_s,LS_Cumulative,,23 Alex ALBON,,AA_Laptime_s,AA_Cumulative,,4 Lando NORRIS,,LN_Laptime_s,LN_Cumulative,,81 Oscar PIASTRI,,OP_Laptime_s,OP_Cumulative,,10 Pierre GASLY,,PG_Laptime_s,PG_Cumulative,,31 Esteban OCON,,EO_Laptime_s,EO_Cumulative,,14 Fernando ALONSO,,FA_Laptime_s,FA_Cumulative,,18 Lance STROLL,,LS_Laptime_s,LS_Cumulative,,16 Charles LECLERC,,CL_Laptime_s,CL_Cumulative,,38 Oliver BEARMAN,,OB_Laptime_s,OB_Cumulative,,20 Kevin MAGNUSSEN,,KM_Laptime_s,KM_Cumulative,,27 Nico HULKENBERG,,NH_Laptime_s,NH_Cumulative,,3 Daniel RICCIARDO,,RIC_Laptime_s,RIC_Cumulative,,22 Yuki TSUNODA,,YT_Laptime_s,YT_Cumulative,,24 Guanyu ZHOU,,GZ_Laptime_s,GZ_Cumulative,,77 Valterri BOTTAS,,VB_Laptime_s,VB_Cumulative,,44 Lewis HAMILTON,,LH_Laptime_s,LH_Cumulative,,63 George RUSSELL,,GR_Laptime_s,GR_Cumulative,,,,RBR1,RBR2,SF1,SF2,M-AMG1,M_AMG2,AMR1,AMR2,MCL1,MCL2,ALP1,ALP2,ATO1,ATO2,WIL1,WIL2,HAS1,HAS2,SAUB1,SAUB2
1 1:35.505,1:35.505,95.505,95.505,,1 1:37.222,1:37.222,97.222,97.222,,1 1:45.460,1:45.460,105.460,105.460,,1 1:43.626,1:43.626,103.626,103.626,,1 1:39.926,1:39.926,99.926,99.926,,1 1:38.705,1:38.705,98.705,98.705,,1 2:01.453,2:01.453,121.453,121.453,,1 1:44.388,1:44.388,104.388,104.388,,1 1:38.507,1:38.507,98.507,98.507,,1 1:42.429,1:42.429,102.429,102.429,,1 1:36.681,1:36.681,96.681,96.681,,1 1:42.621,1:42.621,102.621,102.621,,1 1:43.159,1:43.159,103.159,103.159,,1 1:43.748,1:43.748,103.748,103.748,,1 1:44.329,1:44.329,104.329,104.329,,1 1:42.531,1:42.531,102.531,102.531,,1 1:45.821,1:45.821,105.821,105.821,,1 1:44.857,1:44.857,104.857,104.857,,1 1:40.900,1:40.900,100.9,100.9,,1 1:40.459,1:40.459,100.459,100.459,,,RefTime (VER),VER,PER,LEC,SAI,HAM,RUS,ALO,STR,NOR,PIA,OCO,GAS,TSU,RIC,ALB,SAR,MAG,HUL,BOT,ZHO
2 1:34.205,1:34.205,94.205,189.710,,2 1:34.515,1:34.515,94.515,191.737,,2 1:38.418,1:38.418,98.418,203.878,,2 1:37.553,1:37.553,97.553,201.179,,2 1:35.246,1:35.246,95.246,195.172,,2 1:35.082,1:35.082,95.082,193.787,,,,#VALUE!,#VALUE!,,2 1:38.482,1:38.482,98.482,202.870,,2 1:35.724,1:35.724,95.724,194.231,,2 1:36.094,1:36.094,96.094,198.523,,2 1:34.179,1:34.179,94.179,190.86,,2 1:37.415,1:37.415,97.415,200.036,,2 1:37.522,1:37.522,97.522,200.681,,2 1:37.836,1:37.836,97.836,201.584,,2 1:38.035,1:38.035,98.035,202.364,,2 1:36.873,1:36.873,96.873,199.404,,2 1:38.539,1:38.539,98.539,204.36,,2 1:38.474,1:38.474,98.474,203.331,,2 1:35.541,1:35.541,95.541,196.441,,2 1:35.146,1:35.146,95.146,195.605,,1,95.505,0.000,1.717,1.176,7.116,5.395,4.954,3.002,6.924,4.421,3.200,8.883,25.948,7.026,8.824,8.121,9.955,7.654,8.243,9.352,10.316
3 1:34.043,1:34.043,94.043,283.753,,3 1:34.055,1:34.055,94.055,285.792,,3 1:36.871,1:36.871,96.871,300.749,,3 1:35.986,1:35.986,95.986,297.165,,3 1:35.079,1:35.079,95.079,290.251,,3 1:34.379,1:34.379,94.379,288.166,,,,#VALUE!,#VALUE!,,3 1:36.920,1:36.920,96.920,299.790,,3 1:34.439,1:34.439,94.439,288.670,,3 1:35.790,1:35.790,95.790,294.313,,3 1:34.549,1:34.549,94.549,285.409,,3 1:35.515,1:35.515,95.515,295.551,,3 1:35.850,1:35.850,95.85,296.531,,3 1:36.382,1:36.382,96.382,297.966,,3 1:36.766,1:36.766,96.766,299.13,,3 1:35.703,1:35.703,95.703,295.107,,3 1:37.232,1:37.232,97.232,301.592,,3 1:36.966,1:36.966,96.966,300.297,,3 1:35.184,1:35.184,95.184,291.625,,3 1:35.219,1:35.219,95.219,290.824,,2,189.710,0.000,2.027,1.150,10.326,6.731,5.895,4.521,8.813,5.462,4.077,13.160,,9.694,12.654,11.469,14.168,10.971,11.874,13.621,14.650
4 1:33.754,1:33.754,93.754,377.507,,4 1:34.046,1:34.046,94.046,379.838,,4 1:36.544,1:36.544,96.544,397.293,,4 1:35.553,1:35.553,95.553,392.718,,4 1:34.897,1:34.897,94.897,385.148,,4 1:34.589,1:34.589,94.589,382.755,,,,#VALUE!,#VALUE!,,4 1:36.261,1:36.261,96.261,396.051,,4 1:34.746,1:34.746,94.746,383.416,,4 1:35.735,1:35.735,95.735,390.048,,4 1:35.213,1:35.213,95.213,380.622,,4 1:35.645,1:35.645,95.645,391.196,,4 1:35.367,1:35.367,95.367,391.898,,4 1:36.231,1:36.231,96.231,394.197,,4 1:36.271,1:36.271,96.271,395.401,,4 1:35.378,1:35.378,95.378,390.485,,4 1:36.526,1:36.526,96.526,398.118,,4 1:36.417,1:36.417,96.417,396.714,,4 1:35.672,1:35.672,95.672,387.297,,4 1:35.033,1:35.033,95.033,385.857,,3,283.753,0.000,2.039,1.656,11.798,7.872,7.071,4.917,10.560,6.498,4.413,16.037,,11.354,15.377,13.412,16.996,12.778,14.213,16.544,17.839
5 1:33.955,1:33.955,93.955,471.462,,5 1:34.085,1:34.085,94.085,473.923,,5 1:36.204,1:36.204,96.204,493.497,,5 1:35.590,1:35.590,95.590,488.308,,5 1:34.902,1:34.902,94.902,480.050,,5 1:34.557,1:34.557,94.557,477.312,,,,#VALUE!,#VALUE!,,5 1:36.003,1:36.003,96.003,492.054,,5 1:34.512,1:34.512,94.512,477.928,,5 1:35.560,1:35.560,95.560,485.608,,5 1:34.382,1:34.382,94.382,475.004,,5 1:35.593,1:35.593,95.593,486.789,,5 1:35.684,1:35.684,95.684,487.582,,5 1:35.723,1:35.723,95.723,489.92,,5 1:35.699,1:35.699,95.699,491.1,,5 1:35.589,1:35.589,95.589,486.074,,5 1:36.238,1:36.238,96.238,494.356,,5 1:36.244,1:36.244,96.244,492.958,,5 1:35.107,1:35.107,95.107,482.404,,5 1:35.150,1:35.150,95.15,481.007,,4,377.507,0.000,2.331,3.115,13.689,9.790,8.350,5.909,12.541,7.641,5.248,18.544,,12.978,17.894,15.211,19.786,14.391,16.690,19.207,20.611
6 1:33.676,1:33.676,93.676,565.138,,6 1:33.842,1:33.842,93.842,567.765,,6 1:36.203,1:36.203,96.203,589.700,,6 1:35.977,1:35.977,95.977,584.285,,6 1:35.014,1:35.014,95.014,575.064,,6 1:34.409,1:34.409,94.409,571.721,,,,#VALUE!,#VALUE!,,6 1:36.798,1:36.798,96.798,588.852,,6 1:34.480,1:34.480,94.480,572.408,,,,,,,6 1:34.244,1:34.244,94.244,569.248,,6 1:36.122,1:36.122,96.122,582.911,,6 1:36.027,1:36.027,96.027,583.609,,6 1:36.398,1:36.398,96.398,586.318,,6 1:35.847,1:35.847,95.847,586.947,,6 1:36.275,1:36.275,96.275,582.349,,6 1:37.072,1:37.072,97.072,591.428,,6 1:36.225,1:36.225,96.225,589.183,,6 1:35.077,1:35.077,95.077,577.481,,6 1:35.060,1:35.060,95.06,576.067,,5,471.462,0.000,2.461,3.542,15.327,10.942,9.545,6.466,14.146,8.588,5.850,20.592,,14.612,19.638,16.846,22.035,16.120,18.458,21.496,22.894
7 P 2:02.919,2:02.919,122.919,688.057,,7 P 2:04.615,2:04.615,124.615,692.380,,7 P 2:14.350,2:14.350,134.350,724.050,,7 P 2:11.613,2:11.613,131.613,715.898,,7 2:07.025,2:07.025,127.025,702.089,,7 P 2:06.720,2:06.720,126.72,698.441,,,,#VALUE!,#VALUE!,,7 P 2:12.702,2:12.702,132.702,721.554,,7 P 2:06.883,2:06.883,126.883,699.291,,,,,,,7 P 2:04.831,2:04.831,124.831,694.079,,7 P 2:11.168,2:11.168,131.168,714.079,,7 P 2:11.564,2:11.564,131.564,715.173,,7 2:09.724,2:09.724,129.724,716.042,,7 P 2:12.474,2:12.474,132.474,719.421,,7 P 2:10.914,2:10.914,130.914,713.263,,7 2:12.760,2:12.760,132.76,724.188,,7 P 2:13.580,2:13.580,133.58,722.763,,7 2:08.128,2:08.128,128.128,705.609,,7 P 2:08.836,2:08.836,128.836,704.903,,6,565.138,0.000,2.627,4.110,17.773,12.343,10.929,7.270,,9.926,6.583,23.714,,17.211,21.809,19.147,24.562,18.471,21.180,24.045,26.290
8 3:09.083,3:09.083,189.083,877.140,,8 3:07.369,3:07.369,187.369,879.749,,8 2:57.288,2:57.288,177.288,901.338,,8 2:59.983,2:59.983,179.983,895.881,,8 2:54.005,2:54.005,174.005,876.094,,8 3:04.373,3:04.373,184.373,882.814,,,,#VALUE!,#VALUE!,,8 2:56.368,2:56.368,176.368,897.922,,8 3:05.292,3:05.292,185.292,884.583,,,,,,,8 3:06.406,3:06.406,186.406,880.485,,8 2:59.588,2:59.588,179.588,893.667,,8 3:00.027,3:00.027,180.027,895.2,,8 2:50.478,2:50.478,170.478,886.52,,8 3:13.712,3:13.712,193.712,913.133,,8 2:59.562,2:59.562,179.562,892.825,,8 2:46.499,2:46.499,166.499,890.687,,8 2:57.332,2:57.332,177.332,900.095,,8 2:53.631,2:53.631,173.631,879.24,,8 3:03.576,3:03.576,183.576,888.479,,7,688.057,0.000,4.323,6.022,26.022,17.552,16.846,11.234,,14.032,10.384,33.497,,25.206,31.364,27.841,35.993,27.116,27.985,34.706,36.131
9 2:40.995,2:40.995,160.995,1038.135,,9 2:38.896,2:38.896,158.896,1038.645,,9 2:21.181,2:21.181,141.181,1042.519,,9 2:25.427,2:25.427,145.427,1041.308,,9 2:41.791,2:41.791,161.791,1037.885,,9 2:36.398,2:36.398,156.398,1039.212,,,,#VALUE!,#VALUE!,,9 2:23.747,2:23.747,143.747,1041.669,,9 2:34.968,2:34.968,154.968,1039.551,,,,,,,9 2:38.648,2:38.648,158.648,1039.133,,9 2:27.117,2:27.117,147.117,1040.784,,9 2:25.832,2:25.832,145.832,1041.032,,9 2:33.089,2:33.089,153.089,1039.609,,9 2:09.998,2:09.998,129.998,1043.131,,9 2:27.896,2:27.896,147.896,1040.721,,9 2:29.482,2:29.482,149.482,1040.169,,9 2:21.830,2:21.830,141.83,1041.925,,9 2:39.191,2:39.191,159.191,1038.431,,9 2:31.480,2:31.480,151.48,1039.959,,8,877.140,0.000,2.609,3.345,16.527,2.100,11.339,7.443,,-1.046,5.674,20.782,,15.685,35.993,18.741,24.198,18.060,9.380,22.955,13.547
10 1:35.024,1:35.024,95.024,1133.159,,10 1:36.005,1:36.005,96.005,1134.650,,10 1:40.141,1:40.141,100.141,1142.660,,10 1:40.318,1:40.318,100.318,1141.626,,10 1:34.352,1:34.352,94.352,1132.237,,10 1:36.768,1:36.768,96.768,1135.98,,,,#VALUE!,#VALUE!,,10 1:39.439,1:39.439,99.439,1141.108,,10 1:37.296,1:37.296,97.296,1136.847,,,,,,,10 1:36.082,1:36.082,96.082,1135.215,,10 1:38.427,1:38.427,98.427,1139.211,,10 1:39.463,1:39.463,99.463,1140.495,,10 1:37.796,1:37.796,97.796,1137.405,,10 1:39.990,1:39.990,99.99,1143.121,,10 1:39.222,1:39.222,99.222,1139.943,,10 1:38.417,1:38.417,98.417,1138.586,,10 1:40.082,1:40.082,100.082,1142.007,,10 1:35.257,1:35.257,95.257,1133.688,,10 1:37.943,1:37.943,97.943,1137.902,,9,1038.135,0.000,0.510,0.998,2.649,0.296,1.824,1.416,,-0.250,1.077,3.534,,2.586,4.996,3.173,4.384,2.897,1.474,3.790,2.034
11 1:33.610,1:33.610,93.610,1226.769,,11 1:33.859,1:33.859,93.859,1228.509,,11 1:36.468,1:36.468,96.468,1239.128,,11 1:36.232,1:36.232,96.232,1237.858,,11 1:33.674,1:33.674,93.674,1225.911,,11 1:34.448,1:34.448,94.448,1230.428,,,,#VALUE!,#VALUE!,,11 1:35.969,1:35.969,95.969,1237.077,,11 1:34.530,1:34.530,94.530,1231.377,,,,,,,11 1:34.443,1:34.443,94.443,1229.658,,11 1:35.645,1:35.645,95.645,1234.856,,11 1:36.036,1:36.036,96.036,1236.531,,11 1:34.864,1:34.864,94.864,1232.269,,11 1:36.819,1:36.819,96.819,1239.94,,11 1:35.738,1:35.738,95.738,1235.681,,11 1:35.695,1:35.695,95.695,1234.281,,11 1:36.456,1:36.456,96.456,1238.463,,11 1:34.334,1:34.334,94.334,1228.022,,11 1:35.048,1:35.048,95.048,1232.95,,10,1133.159,0.000,1.491,2.056,6.052,0.529,4.743,3.688,,-0.922,2.821,7.949,,6.784,9.962,8.467,9.501,7.336,4.246,8.848,5.427
12 1:33.321,1:33.321,93.321,1320.090,,12 1:33.930,1:33.930,93.930,1322.439,,12 1:35.642,1:35.642,95.642,1334.770,,12 1:35.441,1:35.441,95.441,1333.299,,12 1:33.877,1:33.877,93.877,1319.788,,12 1:33.946,1:33.946,93.946,1324.374,,,,#VALUE!,#VALUE!,,12 1:35.400,1:35.400,95.400,1332.477,,12 1:34.735,1:34.735,94.735,1326.112,,,,,,,12 1:33.599,1:33.599,93.599,1323.257,,12 1:34.907,1:34.907,94.907,1329.763,,12 1:35.229,1:35.229,95.229,1331.76,,12 1:34.605,1:34.605,94.605,1326.874,,12 1:36.095,1:36.095,96.095,1336.035,,12 1:35.263,1:35.263,95.263,1330.944,,12 1:34.998,1:34.998,94.998,1329.279,,12 1:35.827,1:35.827,95.827,1334.29,,12 1:34.018,1:34.018,94.018,1322.04,,12 1:34.488,1:34.488,94.488,1327.438,,11,1226.769,0.000,1.740,2.889,8.087,1.253,6.181,4.608,,-0.858,3.659,10.308,,8.912,13.171,11.089,12.359,9.762,5.500,11.694,7.512
13 1:33.144,1:33.144,93.144,1413.234,,13 1:34.053,1:34.053,94.053,1416.492,,13 1:35.751,1:35.751,95.751,1430.521,,13 1:35.213,1:35.213,95.213,1428.512,,13 1:35.131,1:35.131,95.131,1414.919,,13 1:34.340,1:34.340,94.34,1418.714,,,,#VALUE!,#VALUE!,,13 1:35.107,1:35.107,95.107,1427.584,,13 1:34.664,1:34.664,94.664,1420.776,,,,,,,13 1:34.627,1:34.627,94.627,1417.884,,13 1:35.153,1:35.153,95.153,1424.916,,13 1:35.062,1:35.062,95.062,1426.822,,13 1:35.367,1:35.367,95.367,1422.241,,13 1:36.337,1:36.337,96.337,1432.372,,13 1:35.325,1:35.325,95.325,1426.269,,13 1:35.355,1:35.355,95.355,1424.634,,13 1:35.447,1:35.447,95.447,1429.737,,13 1:35.312,1:35.312,95.312,1417.352,,13 1:35.082,1:35.082,95.082,1422.52,,12,1320.090,0.000,2.349,3.167,9.673,1.950,7.348,6.022,,-0.302,4.284,12.387,,10.854,15.945,13.209,14.680,11.670,6.784,14.200,9.189
14 1:33.194,1:33.194,93.194,1506.428,,14 1:33.814,1:33.814,93.814,1510.306,,14 1:35.207,1:35.207,95.207,1525.728,,14 1:35.181,1:35.181,95.181,1523.693,,14 1:33.971,1:33.971,93.971,1508.890,,14 1:34.431,1:34.431,94.431,1513.145,,,,#VALUE!,#VALUE!,,14 1:35.432,1:35.432,95.432,1523.016,,14 1:34.877,1:34.877,94.877,1515.653,,,,,,,14 1:34.039,1:34.039,94.039,1511.923,,14 1:35.479,1:35.479,95.479,1520.395,,14 1:35.553,1:35.553,95.553,1522.375,,14 1:36.481,1:36.481,96.481,1518.722,,14 1:35.606,1:35.606,95.606,1527.978,,14 1:35.575,1:35.575,95.575,1521.844,,14 1:36.658,1:36.658,96.658,1521.292,,14 1:35.424,1:35.424,95.424,1525.161,,14 1:34.341,1:34.341,94.341,1511.693,,14 1:34.379,1:34.379,94.379,1516.899,,13,1413.234,0.000,3.258,4.650,11.682,4.118,9.286,7.542,,1.685,5.480,14.350,,13.035,19.138,15.278,17.287,13.588,9.007,16.503,11.400
15 1:33.512,1:33.512,93.512,1599.940,,15 1:33.450,1:33.450,93.450,1603.756,,15 1:35.601,1:35.601,95.601,1621.329,,15 1:35.533,1:35.533,95.533,1619.226,,15 1:33.944,1:33.944,93.944,1602.834,,15 1:34.309,1:34.309,94.309,1607.454,,,,#VALUE!,#VALUE!,,15 1:35.717,1:35.717,95.717,1618.733,,15 1:34.678,1:34.678,94.678,1610.331,,,,,,,15 1:34.225,1:34.225,94.225,1606.148,,15 1:35.118,1:35.118,95.118,1615.513,,15 1:35.746,1:35.746,95.746,1618.121,,15 1:35.495,1:35.495,95.495,1614.217,,15 1:35.466,1:35.466,95.466,1623.444,,15 1:35.952,1:35.952,95.952,1617.796,,15 1:36.053,1:36.053,96.053,1617.345,,15 1:35.721,1:35.721,95.721,1620.882,,15 1:35.355,1:35.355,95.355,1607.048,,15 1:34.803,1:34.803,94.803,1611.702,,14,1506.428,0.000,3.878,5.495,13.967,5.265,10.471,9.225,,2.462,6.717,16.588,,15.416,21.550,17.265,19.300,15.947,12.294,18.733,14.864
16 1:33.192,1:33.192,93.192,1693.132,,16 1:33.536,1:33.536,93.536,1697.292,,16 1:36.062,1:36.062,96.062,1717.391,,16 1:36.470,1:36.470,96.470,1715.696,,16 1:33.858,1:33.858,93.858,1696.692,,16 1:34.379,1:34.379,94.379,1701.833,,,,#VALUE!,#VALUE!,,16 1:36.245,1:36.245,96.245,1714.978,,16 1:34.773,1:34.773,94.773,1705.104,,,,,,,16 1:34.033,1:34.033,94.033,1700.181,,16 1:34.715,1:34.715,94.715,1710.228,,16 1:36.100,1:36.100,96.1,1714.221,,16 1:35.153,1:35.153,95.153,1709.37,,16 1:35.805,1:35.805,95.805,1719.249,,16 1:35.995,1:35.995,95.995,1713.791,,16 1:36.065,1:36.065,96.065,1713.41,,16 1:36.825,1:36.825,96.825,1717.707,,16 1:34.435,1:34.435,94.435,1701.483,,16 1:34.638,1:34.638,94.638,1706.34,,15,1599.940,0.000,3.816,6.208,15.573,7.108,11.762,10.391,,2.894,7.514,18.793,,17.856,23.504,19.286,21.389,18.181,14.277,20.942,17.405
17 1:33.059,1:33.059,93.059,1786.191,,17 1:34.169,1:34.169,94.169,1791.461,,17 1:36.336,1:36.336,96.336,1813.727,,17 1:37.029,1:37.029,97.029,1812.725,,17 1:34.497,1:34.497,94.497,1791.189,,17 1:35.057,1:35.057,95.057,1796.89,,,,#VALUE!,#VALUE!,,17 1:37.264,1:37.264,97.264,1812.242,,17 1:34.695,1:34.695,94.695,1799.799,,,,,,,17 1:34.073,1:34.073,94.073,1794.254,,17 1:34.681,1:34.681,94.681,1804.909,,17 1:36.621,1:36.621,96.621,1810.842,,17 1:35.205,1:35.205,95.205,1804.575,,17 1:36.267,1:36.267,96.267,1815.516,,17 1:37.603,1:37.603,97.603,1811.394,,17 1:35.882,1:35.882,95.882,1809.292,,17 1:37.238,1:37.238,97.238,1814.945,,17 1:34.811,1:34.811,94.811,1796.294,,17 1:34.907,1:34.907,94.907,1801.247,,16,1693.132,0.000,4.160,7.049,17.096,8.351,13.208,11.972,,3.560,8.701,21.846,,20.659,26.117,22.564,24.259,21.089,16.238,24.575,20.278
18 1:33.139,1:33.139,93.139,1879.330,,18 1:33.282,1:33.282,93.282,1884.743,,18 1:36.039,1:36.039,96.039,1909.766,,18 1:35.608,1:35.608,95.608,1908.333,,18 1:35.607,1:35.607,95.607,1886.796,,18 1:34.075,1:34.075,94.075,1890.965,,,,#VALUE!,#VALUE!,,18 1:35.436,1:35.436,95.436,1907.678,,18 1:34.651,1:34.651,94.651,1894.450,,,,,,,18 1:34.142,1:34.142,94.142,1888.396,,18 1:35.270,1:35.270,95.27,1900.179,,18 1:35.266,1:35.266,95.266,1906.108,,18 1:35.687,1:35.687,95.687,1900.262,,18 1:36.093,1:36.093,96.093,1911.609,,18 1:35.367,1:35.367,95.367,1906.761,,18 1:35.466,1:35.466,95.466,1904.758,,18 1:36.058,1:36.058,96.058,1911.003,,18 1:34.307,1:34.307,94.307,1890.601,,18 1:34.559,1:34.559,94.559,1895.806,,17,1786.191,0.000,5.270,8.063,18.718,10.103,15.056,13.608,,4.998,10.699,26.051,,25.203,29.325,26.534,27.536,24.651,18.384,28.754,23.101
19 1:33.135,1:33.135,93.135,1972.465,,19 1:33.545,1:33.545,93.545,1978.288,,19 1:35.361,1:35.361,95.361,2005.127,,19 1:35.064,1:35.064,95.064,2003.397,,19 1:34.194,1:34.194,94.194,1980.990,,19 1:34.631,1:34.631,94.631,1985.596,,,,#VALUE!,#VALUE!,,19 1:35.152,1:35.152,95.152,2002.830,,19 1:34.576,1:34.576,94.576,1989.026,,,,,,,19 1:33.940,1:33.940,93.94,1982.336,,19 1:35.616,1:35.616,95.616,1995.795,,19 1:35.220,1:35.220,95.22,2001.328,,19 1:35.174,1:35.174,95.174,1995.436,,19 1:35.853,1:35.853,95.853,2007.462,,19 1:35.146,1:35.146,95.146,2001.907,,19 1:35.407,1:35.407,95.407,2000.165,,19 1:35.828,1:35.828,95.828,2006.831,,19 1:34.524,1:34.524,94.524,1985.125,,19 1:34.395,1:34.395,94.395,1990.201,,18,1879.330,0.000,5.413,9.066,20.849,11.271,16.476,15.120,,7.466,11.635,28.348,,27.431,32.279,29.003,30.436,26.778,20.932,31.673,25.428
20 1:33.066,1:33.066,93.066,2065.531,,20 1:33.377,1:33.377,93.377,2071.665,,20 1:35.251,1:35.251,95.251,2100.378,,20 1:35.278,1:35.278,95.278,2098.675,,20 1:34.003,1:34.003,94.003,2074.993,,20 1:34.324,1:34.324,94.324,2079.92,,,,#VALUE!,#VALUE!,,20 1:35.020,1:35.020,95.020,2097.850,,20 1:34.390,1:34.390,94.390,2083.416,,,,,,,20 1:33.949,1:33.949,93.949,2076.285,,20 1:34.828,1:34.828,94.828,2090.623,,20 1:35.012,1:35.012,95.012,2096.34,,20 1:35.067,1:35.067,95.067,2090.503,,20 1:36.073,1:36.073,96.073,2103.535,,20 1:35.060,1:35.060,95.06,2096.967,,20 1:35.087,1:35.087,95.087,2095.252,,20 1:36.253,1:36.253,96.253,2103.084,,20 1:34.225,1:34.225,94.225,2079.35,,20 1:34.457,1:34.457,94.457,2084.658,,19,1972.465,0.000,5.823,9.871,23.330,12.660,17.736,16.561,,8.525,13.131,30.365,,29.442,34.997,30.932,32.662,28.863,22.971,34.366,27.700
21 1:32.933,1:32.933,92.933,2158.464,,21 1:33.132,1:33.132,93.132,2164.797,,21 1:35.082,1:35.082,95.082,2195.460,,21 1:34.820,1:34.820,94.820,2193.495,,21 1:33.941,1:33.941,93.941,2168.934,,21 1:33.793,1:33.793,93.793,2173.713,,,,#VALUE!,#VALUE!,,21 1:34.925,1:34.925,94.925,2192.775,,21 1:34.378,1:34.378,94.378,2177.794,,,,,,,21 1:33.722,1:33.722,93.722,2170.007,,21 1:34.368,1:34.368,94.368,2184.991,,21 1:34.923,1:34.923,94.923,2191.263,,21 1:36.369,1:36.369,96.369,2186.872,,21 1:36.779,1:36.779,96.779,2200.314,,21 1:34.710,1:34.710,94.71,2191.677,,21 1:35.399,1:35.399,95.399,2190.651,,21 1:36.801,1:36.801,96.801,2199.885,,21 1:34.016,1:34.016,94.016,2173.366,,21 1:34.144,1:34.144,94.144,2178.802,,20,2065.531,0.000,6.134,10.754,25.092,13.819,19.127,17.885,,9.462,14.389,32.319,,31.436,38.004,33.144,34.847,30.809,24.972,37.553,29.721
22 1:32.980,1:32.980,92.980,2251.444,,22 1:33.064,1:33.064,93.064,2257.861,,22 1:35.601,1:35.601,95.601,2291.061,,22 1:36.016,1:36.016,96.016,2289.511,,22 1:33.698,1:33.698,93.698,2262.632,,22 1:34.760,1:34.760,94.76,2268.473,,,,#VALUE!,#VALUE!,,22 1:35.218,1:35.218,95.218,2287.993,,22 1:34.173,1:34.173,94.173,2271.967,,,,,,,22 1:33.702,1:33.702,93.702,2263.709,,22 1:34.559,1:34.559,94.559,2279.55,,22 1:35.804,1:35.804,95.804,2287.067,,22 1:35.358,1:35.358,95.358,2282.23,,22 1:36.433,1:36.433,96.433,2296.747,,22 1:35.698,1:35.698,95.698,2287.375,,22 1:35.158,1:35.158,95.158,2285.809,,22 1:36.425,1:36.425,96.425,2296.31,,22 1:34.419,1:34.419,94.419,2267.785,,22 1:34.264,1:34.264,94.264,2273.066,,21,2158.464,0.000,6.333,11.543,26.527,14.902,20.338,19.330,,10.470,15.249,34.311,,33.213,41.850,35.031,36.996,32.799,28.408,41.421,32.187
23 1:32.792,1:32.792,92.792,2344.236,,23 1:32.970,1:32.970,92.970,2350.831,,23 1:35.016,1:35.016,95.016,2386.077,,23 1:35.363,1:35.363,95.363,2384.874,,23 1:33.824,1:33.824,93.824,2356.456,,23 1:33.715,1:33.715,93.715,2362.188,,,,#VALUE!,#VALUE!,,23 1:36.216,1:36.216,96.216,2384.209,,23 1:33.958,1:33.958,93.958,2365.925,,,,,,,23 1:33.602,1:33.602,93.602,2357.311,,23 1:34.128,1:34.128,94.128,2373.678,,23 1:36.198,1:36.198,96.198,2383.265,,23 1:34.816,1:34.816,94.816,2377.046,,23 1:35.855,1:35.855,95.855,2392.602,,23 1:36.285,1:36.285,96.285,2383.66,,23 1:35.296,1:35.296,95.296,2381.105,,23 1:36.251,1:36.251,96.251,2392.561,,23 1:34.041,1:34.041,94.041,2361.826,,23 1:34.099,1:34.099,94.099,2367.165,,22,2251.444,0.000,6.417,12.265,28.106,16.341,21.622,20.523,,11.188,17.029,36.549,,35.931,45.303,38.067,39.617,35.623,30.786,44.866,34.365
24 1:32.683,1:32.683,92.683,2436.919,,24 1:32.795,1:32.795,92.795,2443.626,,24 1:35.133,1:35.133,95.133,2481.210,,24 1:35.967,1:35.967,95.967,2480.841,,24 1:33.561,1:33.561,93.561,2450.017,,24 1:34.097,1:34.097,94.097,2456.285,,,,#VALUE!,#VALUE!,,24 1:36.124,1:36.124,96.124,2480.333,,24 1:34.033,1:34.033,94.033,2459.958,,,,,,,24 1:33.511,1:33.511,93.511,2450.822,,24 1:33.966,1:33.966,93.966,2467.644,,24 1:36.072,1:36.072,96.072,2479.337,,24 1:34.843,1:34.843,94.843,2471.889,,24 1:34.935,1:34.935,94.935,2487.537,,24 1:35.882,1:35.882,95.882,2479.542,,24 1:35.145,1:35.145,95.145,2476.25,,24 1:36.902,1:36.902,96.902,2489.463,,24 1:34.025,1:34.025,94.025,2455.851,,24 1:34.256,1:34.256,94.256,2461.421,,23,2344.236,0.000,6.595,13.075,29.442,17.590,22.929,21.689,,12.220,17.952,39.973,,39.424,48.366,40.638,41.841,39.029,32.810,48.325,36.869
25 1:32.785,1:32.785,92.785,2529.704,,25 1:33.029,1:33.029,93.029,2536.655,,25 1:36.539,1:36.539,96.539,2577.749,,25 1:36.124,1:36.124,96.124,2576.965,,25 1:33.572,1:33.572,93.572,2543.589,,25 1:33.694,1:33.694,93.694,2549.979,,,,#VALUE!,#VALUE!,,25 1:36.373,1:36.373,96.373,2576.706,,25 1:33.890,1:33.890,93.890,2553.848,,,,,,,25 1:33.136,1:33.136,93.136,2543.958,,25 1:33.924,1:33.924,93.924,2561.568,,25 1:36.555,1:36.555,96.555,2575.892,,25 1:34.725,1:34.725,94.725,2566.614,,25 1:34.739,1:34.739,94.739,2582.276,,25 1:36.548,1:36.548,96.548,2576.09,,25 1:35.145,1:35.145,95.145,2571.395,,25 1:35.619,1:35.619,95.619,2585.082,,25 1:33.532,1:33.532,93.532,2549.383,,25 1:34.077,1:34.077,94.077,2555.498,,24,2436.919,0.000,6.707,13.903,30.725,18.932,24.502,23.039,,13.098,19.366,43.414,,42.623,50.618,43.922,44.291,42.418,34.970,52.544,39.331
26 1:32.561,1:32.561,92.561,2622.265,,26 1:32.750,1:32.750,92.750,2629.405,,26 1:36.497,1:36.497,96.497,2674.246,,26 1:36.633,1:36.633,96.633,2673.598,,26 1:33.792,1:33.792,93.792,2637.381,,26 1:33.312,1:33.312,93.312,2643.291,,,,#VALUE!,#VALUE!,,26 1:36.331,1:36.331,96.331,2673.037,,26 1:33.841,1:33.841,93.841,2647.689,,,,,,,26 1:33.510,1:33.510,93.51,2637.468,,26 1:33.788,1:33.788,93.788,2655.356,,26 1:36.260,1:36.260,96.26,2672.152,,26 1:34.694,1:34.694,94.694,2661.308,,26 1:34.973,1:34.973,94.973,2677.249,,26 1:36.662,1:36.662,96.662,2672.752,,26 1:35.036,1:35.036,95.036,2666.431,,26 1:35.319,1:35.319,95.319,2680.401,,26 1:33.518,1:33.518,93.518,2642.901,,26 1:33.737,1:33.737,93.737,2649.235,,25,2529.704,0.000,6.951,14.254,31.864,19.679,25.794,24.144,,13.885,20.275,47.002,,46.386,52.572,47.261,48.045,46.188,36.910,55.378,41.691
27 1:32.722,1:32.722,92.722,2714.987,,27 1:32.734,1:32.734,92.734,2722.139,,27 1:36.198,1:36.198,96.198,2770.444,,27 1:36.127,1:36.127,96.127,2769.725,,27 1:34.718,1:34.718,94.718,2732.099,,27 1:33.998,1:33.998,93.998,2737.289,,,,#VALUE!,#VALUE!,,27 1:36.399,1:36.399,96.399,2769.436,,27 1:33.580,1:33.580,93.580,2741.269,,,,,,,27 1:33.151,1:33.151,93.151,2730.619,,27 1:33.808,1:33.808,93.808,2749.164,,27 1:36.222,1:36.222,96.222,2768.374,,27 1:34.704,1:34.704,94.704,2756.012,,27 1:35.648,1:35.648,95.648,2772.897,,27 1:36.093,1:36.093,96.093,2768.845,,27 1:35.002,1:35.002,95.002,2761.433,,27 1:35.254,1:35.254,95.254,2775.655,,27 1:33.918,1:33.918,93.918,2736.819,,27 1:33.571,1:33.571,93.571,2742.806,,26,2622.265,0.000,7.140,15.203,33.091,20.636,26.970,25.424,,15.116,21.026,50.772,,50.487,54.984,51.333,51.981,49.887,39.043,58.136,44.166
28 1:32.674,1:32.674,92.674,2807.661,,28 1:32.968,1:32.968,92.968,2815.107,,28 1:35.886,1:35.886,95.886,2866.330,,28 1:36.166,1:36.166,96.166,2865.891,,28 1:33.794,1:33.794,93.794,2825.893,,28 1:33.527,1:33.527,93.527,2830.816,,,,#VALUE!,#VALUE!,,28 1:35.884,1:35.884,95.884,2865.320,,28 1:33.863,1:33.863,93.863,2835.132,,,,,,,28 1:33.202,1:33.202,93.202,2823.821,,28 1:33.639,1:33.639,93.639,2842.803,,28 1:36.099,1:36.099,96.099,2864.473,,28 1:34.482,1:34.482,94.482,2850.494,,28 1:35.285,1:35.285,95.285,2868.182,,28 1:35.668,1:35.668,95.668,2864.513,,28 1:34.879,1:34.879,94.879,2856.312,,28 1:35.324,1:35.324,95.324,2870.979,,28 1:33.560,1:33.560,93.56,2830.379,,28 1:33.775,1:33.775,93.775,2836.581,,27,2714.987,0.000,7.152,15.632,34.177,21.832,27.819,26.282,,17.112,22.302,54.449,,53.858,57.910,54.738,55.457,53.387,41.025,60.668,46.446
29 1:32.752,1:32.752,92.752,2900.413,,29 1:32.671,1:32.671,92.671,2907.778,,29 1:36.047,1:36.047,96.047,2962.377,,29 1:35.687,1:35.687,95.687,2961.578,,29 1:33.631,1:33.631,93.631,2919.524,,29 1:33.821,1:33.821,93.821,2924.637,,,,#VALUE!,#VALUE!,,29 1:35.305,1:35.305,95.305,2960.625,,29 1:33.682,1:33.682,93.682,2928.814,,,,,,,29 1:33.305,1:33.305,93.305,2917.126,,29 1:33.379,1:33.379,93.379,2936.182,,29 1:35.797,1:35.797,95.797,2960.27,,29 1:34.235,1:34.235,94.235,2944.729,,29 1:35.649,1:35.649,95.649,2963.831,,29 1:36.731,1:36.731,96.731,2961.244,,29 1:34.990,1:34.990,94.99,2951.302,,29 1:34.857,1:34.857,94.857,2965.836,,29 1:33.567,1:33.567,93.567,2923.946,,29 1:33.643,1:33.643,93.643,2930.224,,28,2807.661,0.000,7.446,16.160,35.142,22.718,28.920,27.471,,18.232,23.155,57.659,,56.852,60.521,58.230,58.669,56.812,42.833,63.318,48.651
30 1:32.601,1:32.601,92.601,2993.014,,30 1:32.782,1:32.782,92.782,3000.560,,30 1:35.750,1:35.750,95.750,3058.127,,30 1:36.135,1:36.135,96.135,3057.713,,30 1:33.650,1:33.650,93.650,3013.174,,30 1:33.376,1:33.376,93.376,3018.013,,,,#VALUE!,#VALUE!,,30 1:36.117,1:36.117,96.117,3056.742,,30 1:33.493,1:33.493,93.493,3022.307,,,,,,,30 1:32.863,1:32.863,92.863,3009.989,,30 1:33.771,1:33.771,93.771,3029.953,,30 1:35.843,1:35.843,95.843,3056.113,,30 1:34.307,1:34.307,94.307,3039.036,,30 1:35.608,1:35.608,95.608,3059.439,,30 1:36.041,1:36.041,96.041,3057.285,,30 1:34.885,1:34.885,94.885,3046.187,,30 1:35.313,1:35.313,95.313,3061.149,,30 1:33.354,1:33.354,93.354,3017.3,,30 1:33.631,1:33.631,93.631,3023.855,,29,2900.413,0.000,7.365,16.713,35.769,23.533,29.811,28.401,,19.111,24.224,60.212,,60.831,63.418,61.165,61.964,59.857,44.316,65.423,50.889
31 1:32.454,1:32.454,92.454,3085.468,,31 1:32.825,1:32.825,92.825,3093.385,,31 1:35.879,1:35.879,95.879,3154.006,,31 1:35.840,1:35.840,95.840,3153.553,,31 1:33.562,1:33.562,93.562,3106.736,,31 1:33.352,1:33.352,93.352,3111.365,,,,#VALUE!,#VALUE!,,31 1:35.912,1:35.912,95.912,3152.654,,31 1:33.670,1:33.670,93.670,3115.977,,,,,,,31 1:32.606,1:32.606,92.606,3102.595,,31 1:33.446,1:33.446,93.446,3123.399,,31 1:36.061,1:36.061,96.061,3152.174,,31 1:34.182,1:34.182,94.182,3133.218,,31 1:35.433,1:35.433,95.433,3154.872,,31 1:35.939,1:35.939,95.939,3153.224,,31 1:34.800,1:34.800,94.8,3140.987,,31 1:35.415,1:35.415,95.415,3156.564,,31 1:33.384,1:33.384,93.384,3110.684,,31 1:33.565,1:33.565,93.565,3117.42,,30,2993.014,0.000,7.546,16.975,36.939,24.286,30.841,29.293,,20.160,24.999,63.728,,64.271,66.425,64.699,65.113,63.099,46.022,68.135,53.173
32 1:32.545,1:32.545,92.545,3178.013,,32 1:32.506,1:32.506,92.506,3185.891,,32 1:35.897,1:35.897,95.897,3249.903,,32 1:35.621,1:35.621,95.621,3249.174,,32 1:33.309,1:33.309,93.309,3200.045,,32 1:33.261,1:33.261,93.261,3204.626,,,,#VALUE!,#VALUE!,,32 1:35.709,1:35.709,95.709,3248.363,,32 1:33.398,1:33.398,93.398,3209.375,,,,,,,32 1:32.959,1:32.959,92.959,3195.554,,32 1:33.086,1:33.086,93.086,3216.485,,32 1:35.783,1:35.783,95.783,3247.957,,32 1:33.999,1:33.999,93.999,3227.217,,32 1:35.804,1:35.804,95.804,3250.676,,32 1:35.694,1:35.694,95.694,3248.918,,32 1:34.631,1:34.631,94.631,3235.618,,32 1:35.173,1:35.173,95.173,3251.737,,32 1:33.406,1:33.406,93.406,3204.09,,32 1:33.390,1:33.390,93.39,3210.81,,31,3085.468,0.000,7.917,17.127,37.931,25.216,31.952,30.509,,21.268,25.897,67.186,,67.756,69.404,68.085,68.538,66.706,47.750,71.096,55.519
33 1:32.309,1:32.309,92.309,3270.322,,33 1:32.564,1:32.564,92.564,3278.455,,33 1:35.700,1:35.700,95.700,3345.603,,33 1:35.221,1:35.221,95.221,3344.395,,33 1:33.514,1:33.514,93.514,3293.559,,33 1:33.290,1:33.290,93.29,3297.916,,,,#VALUE!,#VALUE!,,33 1:35.753,1:35.753,95.753,3344.116,,33 1:33.452,1:33.452,93.452,3302.827,,,,,,,33 1:33.064,1:33.064,93.064,3288.618,,33 1:33.551,1:33.551,93.551,3310.036,,33 1:35.700,1:35.700,95.7,3343.657,,33 P 1:36.601,1:36.601,96.601,3323.818,,33 1:35.753,1:35.753,95.753,3346.429,,33 1:36.118,1:36.118,96.118,3345.036,,33 1:34.679,1:34.679,94.679,3330.297,,33 1:35.792,1:35.792,95.792,3347.529,,33 1:33.360,1:33.360,93.36,3297.45,,33 1:33.320,1:33.320,93.32,3304.13,,32,3178.013,0.000,7.878,17.541,38.472,26.077,32.797,31.362,,22.032,26.613,70.350,,70.905,72.663,71.161,71.890,69.944,49.204,73.724,57.605
34 1:32.558,1:32.558,92.558,3362.880,,34 1:32.631,1:32.631,92.631,3371.086,,34 1:34.843,1:34.843,94.843,3440.446,,34 1:34.524,1:34.524,94.524,3438.919,,34 1:33.399,1:33.399,93.399,3386.958,,34 1:33.405,1:33.405,93.405,3391.321,,,,#VALUE!,#VALUE!,,34 1:34.087,1:34.087,94.087,3438.203,,34 1:33.261,1:33.261,93.261,3396.088,,,,,,,34 1:33.097,1:33.097,93.097,3381.715,,34 1:33.256,1:33.256,93.256,3403.292,,34 1:34.174,1:34.174,94.174,3437.831,,34 1:51.863,1:51.863,111.863,3435.681,,34 1:35.250,1:35.250,95.25,3441.679,,34 1:34.768,1:34.768,94.768,3439.804,,34 1:34.650,1:34.650,94.65,3424.947,,34 1:35.721,1:35.721,95.721,3443.25,,34 1:33.693,1:33.693,93.693,3391.143,,34 1:33.309,1:33.309,93.309,3397.439,,33,3270.322,0.000,8.133,18.296,39.714,27.128,33.808,32.505,,23.237,27.594,73.794,,74.714,76.107,74.073,75.281,73.335,53.496,77.207,59.975
35 1:32.536,1:32.536,92.536,3455.416,,35 1:32.418,1:32.418,92.418,3463.504,,35 1:34.716,1:34.716,94.716,3535.162,,35 1:35.050,1:35.050,95.050,3533.969,,35 1:33.571,1:33.571,93.571,3480.529,,35 1:34.118,1:34.118,94.118,3485.439,,,,#VALUE!,#VALUE!,,35 1:34.061,1:34.061,94.061,3532.264,,35 1:33.395,1:33.395,93.395,3489.483,,,,,,,35 1:33.013,1:33.013,93.013,3474.728,,35 1:33.266,1:33.266,93.266,3496.558,,35 1:33.923,1:33.923,93.923,3531.754,,35 1:33.106,1:33.106,93.106,3528.787,,35 1:34.658,1:34.658,94.658,3536.337,,35 1:34.781,1:34.781,94.781,3534.585,,35 1:34.405,1:34.405,94.405,3519.352,,35 P 1:37.864,1:37.864,97.864,3541.114,,35 1:33.742,1:33.742,93.742,3484.885,,35 1:33.081,1:33.081,93.081,3490.52,,34,3362.880,0.000,8.206,18.835,40.412,28.263,34.559,33.208,,24.078,28.441,75.323,,76.924,78.799,76.039,77.566,74.951,72.801,80.370,62.067
36 1:32.413,1:32.413,92.413,3547.829,,36 1:32.363,1:32.363,92.363,3555.867,,36 1:34.576,1:34.576,94.576,3629.738,,36 1:33.987,1:33.987,93.987,3627.956,,36 1:33.573,1:33.573,93.573,3574.102,,36 1:33.029,1:33.029,93.029,3578.468,,,,#VALUE!,#VALUE!,,36 1:33.799,1:33.799,93.799,3626.063,,36 1:33.014,1:33.014,93.014,3582.497,,,,,,,36 1:32.915,1:32.915,92.915,3567.643,,36 1:33.053,1:33.053,93.053,3589.611,,36 1:33.760,1:33.760,93.76,3625.514,,36 1:33.015,1:33.015,93.015,3621.802,,36 1:34.920,1:34.920,94.92,3631.257,,36 1:34.358,1:34.358,94.358,3628.943,,36 1:34.282,1:34.282,94.282,3613.634,,36 1:54.249,1:54.249,114.249,3655.363,,36 P 1:35.967,1:35.967,95.967,3580.852,,36 1:33.125,1:33.125,93.125,3583.645,,35,3455.416,0.000,8.088,19.312,41.142,29.469,35.104,34.067,,25.113,30.023,76.848,,79.169,80.921,78.553,79.746,76.338,73.371,85.698,63.936
37 1:32.412,1:32.412,92.412,3640.241,,37 1:32.273,1:32.273,92.273,3648.140,,37 1:34.228,1:34.228,94.228,3723.966,,37 1:33.939,1:33.939,93.939,3721.895,,37 P 1:36.675,1:36.675,96.675,3670.777,,37 1:32.934,1:32.934,92.934,3671.402,,,,#VALUE!,#VALUE!,,37 1:33.810,1:33.810,93.810,3719.873,,37 1:33.116,1:33.116,93.116,3675.613,,,,,,,37 1:32.674,1:32.674,92.674,3660.317,,37 1:33.052,1:33.052,93.052,3682.663,,37 1:33.516,1:33.516,93.516,3719.03,,37 1:33.248,1:33.248,93.248,3715.05,,37 1:34.125,1:34.125,94.125,3725.382,,37 1:34.233,1:34.233,94.233,3723.176,,37 1:34.132,1:34.132,94.132,3707.766,,37 1:33.080,1:33.080,93.08,3748.443,,37 1:49.485,1:49.485,109.485,3690.337,,37 1:33.258,1:33.258,93.258,3676.903,,36,3547.829,0.000,8.038,19.814,41.782,33.023,35.816,34.668,,26.273,30.639,78.234,,81.114,83.428,80.127,81.909,77.685,73.973,107.534,65.805
38 1:32.296,1:32.296,92.296,3732.537,,38 1:32.711,1:32.711,92.711,3740.851,,38 1:33.763,1:33.763,93.763,3817.729,,38 1:33.673,1:33.673,93.673,3815.568,,38 1:50.849,1:50.849,110.849,3781.626,,38 1:33.087,1:33.087,93.087,3764.489,,,,#VALUE!,#VALUE!,,38 1:33.845,1:33.845,93.845,3813.718,,38 1:32.937,1:32.937,92.937,3768.550,,,,,,,38 1:32.632,1:32.632,92.632,3752.949,,38 1:32.708,1:32.708,92.708,3775.371,,38 1:33.429,1:33.429,93.429,3812.459,,38 1:33.153,1:33.153,93.153,3808.203,,38 1:33.821,1:33.821,93.821,3819.203,,38 1:33.961,1:33.961,93.961,3817.137,,38 1:33.914,1:33.914,93.914,3801.68,,38 1:32.927,1:32.927,92.927,3841.37,,38 1:31.746,1:31.746,91.746,3782.083,,38 1:33.018,1:33.018,93.018,3769.921,,37,3640.241,0.000,7.899,20.076,42.422,50.096,36.662,35.372,,30.536,31.161,79.632,,82.935,85.141,81.654,83.725,78.789,74.809,108.202,67.525
39 1:31.995,1:31.995,91.995,3824.532,,39 1:32.350,1:32.350,92.350,3833.201,,39 1:33.970,1:33.970,93.970,3911.699,,39 1:33.504,1:33.504,93.504,3909.072,,39 1:32.106,1:32.106,92.106,3873.732,,39 1:32.675,1:32.675,92.675,3857.164,,,,#VALUE!,#VALUE!,,39 1:34.047,1:34.047,94.047,3907.765,,39 1:32.692,1:32.692,92.692,3861.242,,,,,,,39 1:32.722,1:32.722,92.722,3845.671,,39 1:32.756,1:32.756,92.756,3868.127,,39 1:33.203,1:33.203,93.203,3905.662,,39 1:33.045,1:33.045,93.045,3901.248,,39 1:33.974,1:33.974,93.974,3913.177,,39 1:33.894,1:33.894,93.894,3911.031,,39 1:33.915,1:33.915,93.915,3895.595,,39 1:33.028,1:33.028,93.028,3934.398,,39 1:32.315,1:32.315,92.315,3874.398,,39 1:32.607,1:32.607,92.607,3862.528,,38,3732.537,0.000,8.314,20.412,42.834,49.546,37.384,36.013,,49.089,31.952,81.181,,84.600,86.666,83.031,85.192,79.922,75.666,108.833,69.143
40 1:32.555,1:32.555,92.555,3917.087,,40 1:32.720,1:32.720,92.720,3925.921,,40 1:33.547,1:33.547,93.547,4005.246,,40 1:33.424,1:33.424,93.424,4002.496,,40 1:31.944,1:31.944,91.944,3965.676,,40 1:32.603,1:32.603,92.603,3949.767,,,,#VALUE!,#VALUE!,,40 1:33.716,1:33.716,93.716,4001.481,,40 1:32.427,1:32.427,92.427,3953.669,,,,,,,40 1:32.282,1:32.282,92.282,3937.953,,40 1:32.607,1:32.607,92.607,3960.734,,40 1:32.930,1:32.930,92.93,3998.592,,40 1:32.932,1:32.932,92.932,3994.18,,40 1:33.494,1:33.494,93.494,4006.671,,40 1:33.601,1:33.601,93.601,4004.632,,40 1:33.736,1:33.736,93.736,3989.331,,40 1:33.175,1:33.175,93.175,4027.573,,40 1:32.370,1:32.370,92.37,3966.768,,40 1:32.487,1:32.487,92.487,3955.015,,39,3824.532,0.000,8.669,21.139,43.595,49.866,37.996,36.710,,49.200,32.632,83.233,,86.499,88.645,84.540,87.167,81.130,76.716,109.866,71.063
41 1:32.491,1:32.491,92.491,4009.578,,41 1:32.480,1:32.480,92.480,4018.401,,41 1:33.838,1:33.838,93.838,4099.084,,41 1:33.750,1:33.750,93.750,4096.246,,41 1:32.095,1:32.095,92.095,4057.771,,41 1:32.545,1:32.545,92.545,4042.312,,,,#VALUE!,#VALUE!,,41 1:33.711,1:33.711,93.711,4095.192,,41 1:32.662,1:32.662,92.662,4046.331,,,,,,,41 1:32.504,1:32.504,92.504,4030.457,,41 1:32.691,1:32.691,92.691,4053.425,,41 1:32.855,1:32.855,92.855,4091.447,,41 1:32.840,1:32.840,92.84,4087.02,,41 1:34.574,1:34.574,94.574,4101.245,,41 1:33.731,1:33.731,93.731,4098.363,,41 P 1:36.379,1:36.379,96.379,4085.71,,41 1:33.194,1:33.194,93.194,4120.767,,41 1:32.201,1:32.201,92.201,4058.969,,41 1:32.458,1:32.458,92.458,4047.473,,40,3917.087,0.000,8.834,20.866,43.647,49.681,37.928,36.582,,48.589,32.680,84.394,,87.545,89.584,85.409,88.159,81.505,77.093,110.486,72.244
42 1:33.013,1:33.013,93.013,4102.591,,42 1:32.433,1:32.433,92.433,4110.834,,42 1:33.648,1:33.648,93.648,4192.732,,42 1:32.850,1:32.850,92.850,4189.096,,42 1:32.202,1:32.202,92.202,4149.973,,42 1:32.453,1:32.453,92.453,4134.765,,,,#VALUE!,#VALUE!,,42 1:33.633,1:33.633,93.633,4188.825,,42 1:32.410,1:32.410,92.410,4138.741,,,,,,,42 1:32.660,1:32.660,92.66,4123.117,,42 1:32.656,1:32.656,92.656,4146.081,,42 1:32.715,1:32.715,92.715,4184.162,,42 1:32.592,1:32.592,92.592,4179.612,,42 1:35.812,1:35.812,95.812,4197.057,,42 1:33.623,1:33.623,93.623,4191.986,,42 2:17.392,2:17.392,137.392,4223.102,,42 1:32.996,1:32.996,92.996,4213.763,,42 1:32.027,1:32.027,92.027,4150.996,,42 1:32.254,1:32.254,92.254,4139.727,,41,4009.578,0.000,8.823,20.879,43.847,49.391,37.895,36.753,,48.193,32.734,85.614,,88.785,91.667,86.668,89.506,81.869,77.442,111.189,76.132
43 1:33.123,1:33.123,93.123,4195.714,,43 1:32.392,1:32.392,92.392,4203.226,,43 1:33.766,1:33.766,93.766,4286.498,,43 1:32.994,1:32.994,92.994,4282.090,,43 1:32.399,1:32.399,92.399,4242.372,,43 1:32.521,1:32.521,92.521,4227.286,,,,#VALUE!,#VALUE!,,43 1:34.590,1:34.590,94.590,4283.415,,43 1:32.387,1:32.387,92.387,4231.128,,,,,,,43 1:32.556,1:32.556,92.556,4215.673,,43 1:32.672,1:32.672,92.672,4238.753,,43 1:32.902,1:32.902,92.902,4277.064,,43 1:32.752,1:32.752,92.752,4272.364,,43 1:33.705,1:33.705,93.705,4290.762,,43 1:33.767,1:33.767,93.767,4285.753,,43 1:33.047,1:33.047,93.047,4316.149,,43 1:33.068,1:33.068,93.068,4306.831,,43 1:32.041,1:32.041,92.041,4243.037,,43 1:32.499,1:32.499,92.499,4232.226,,42,4102.591,0.000,8.243,20.526,43.490,48.405,37.136,36.150,,47.382,32.174,86.234,,89.395,94.466,86.505,90.141,81.571,77.021,111.172,120.511
44 1:32.377,1:32.377,92.377,4288.091,,44 1:32.441,1:32.441,92.441,4295.667,,44 1:35.215,1:35.215,95.215,4381.713,,44 1:32.997,1:32.997,92.997,4375.087,,44 1:32.151,1:32.151,92.151,4334.523,,44 1:32.539,1:32.539,92.539,4319.825,,,,#VALUE!,#VALUE!,,44 1:33.871,1:33.871,93.871,4377.286,,44 1:32.474,1:32.474,92.474,4323.602,,,,,,,44 1:32.679,1:32.679,92.679,4308.352,,44 1:32.322,1:32.322,92.322,4331.075,,44 1:32.644,1:32.644,92.644,4369.708,,44 1:32.636,1:32.636,92.636,4365,,44 1:33.436,1:33.436,93.436,4384.198,,44 1:33.523,1:33.523,93.523,4379.276,,44 1:32.770,1:32.770,92.77,4408.919,,44 1:35.201,1:35.201,95.201,4402.032,,44 1:32.232,1:32.232,92.232,4335.269,,44 1:32.571,1:32.571,92.571,4324.797,,43,4195.714,0.000,7.512,19.959,43.039,47.323,36.512,35.414,,46.658,31.572,87.701,,90.039,95.048,86.376,90.784,81.350,76.650,111.117,120.435
45 1:33.010,1:33.010,93.010,4381.101,,45 1:32.562,1:32.562,92.562,4388.229,,45 1:34.077,1:34.077,94.077,4475.790,,45 1:32.564,1:32.564,92.564,4467.651,,45 1:32.205,1:32.205,92.205,4426.728,,45 1:32.310,1:32.310,92.31,4412.135,,,,#VALUE!,#VALUE!,,45 1:33.643,1:33.643,93.643,4470.929,,45 1:32.413,1:32.413,92.413,4416.015,,,,,,,45 1:32.552,1:32.552,92.552,4400.904,,45 1:32.613,1:32.613,92.613,4423.688,,45 1:32.638,1:32.638,92.638,4462.346,,45 1:32.493,1:32.493,92.493,4457.493,,45 1:33.750,1:33.750,93.75,4477.948,,45 1:33.644,1:33.644,93.644,4472.92,,45 1:32.857,1:32.857,92.857,4501.776,,45 1:32.903,1:32.903,92.903,4494.935,,45 1:31.943,1:31.943,91.943,4427.212,,45 1:32.573,1:32.573,92.573,4417.37,,44,4288.091,0.000,7.576,20.261,42.984,47.178,36.706,35.511,,46.432,31.734,89.195,,91.185,96.107,86.996,93.622,81.617,76.909,113.941,120.828
46 1:32.889,1:32.889,92.889,4473.990,,46 1:32.481,1:32.481,92.481,4480.710,,46 1:34.141,1:34.141,94.141,4569.931,,46 1:32.540,1:32.540,92.540,4560.191,,46 1:32.502,1:32.502,92.502,4519.230,,46 1:32.557,1:32.557,92.557,4504.692,,,,#VALUE!,#VALUE!,,46 1:33.757,1:33.757,93.757,4564.686,,46 1:32.641,1:32.641,92.641,4508.656,,,,,,,46 1:32.052,1:32.052,92.052,4492.956,,46 1:32.749,1:32.749,92.749,4516.437,,46 1:32.812,1:32.812,92.812,4555.158,,46 1:32.430,1:32.430,92.43,4549.923,,46 1:33.400,1:33.400,93.4,4571.348,,46 1:34.961,1:34.961,94.961,4567.881,,46 1:32.874,1:32.874,92.874,4594.65,,46 1:32.948,1:32.948,92.948,4587.883,,46 1:33.036,1:33.036,93.036,4520.248,,46 1:32.640,1:32.640,92.64,4510.01,,45,4381.101,0.000,7.128,19.803,42.587,46.111,36.269,34.914,,45.627,31.034,89.828,,91.819,96.847,86.550,94.689,81.245,76.392,113.834,120.675
47 1:32.784,1:32.784,92.784,4566.774,,47 1:32.832,1:32.832,92.832,4573.542,,47 1:33.718,1:33.718,93.718,4663.649,,47 1:33.858,1:33.858,93.858,4654.049,,47 1:32.153,1:32.153,92.153,4611.383,,47 1:32.574,1:32.574,92.574,4597.266,,,,#VALUE!,#VALUE!,,47 1:35.294,1:35.294,95.294,4659.980,,47 1:32.579,1:32.579,92.579,4601.235,,,,,,,47 1:32.029,1:32.029,92.029,4584.985,,47 1:32.583,1:32.583,92.583,4609.02,,47 1:32.338,1:32.338,92.338,4647.496,,47 1:32.379,1:32.379,92.379,4642.302,,47 1:33.323,1:33.323,93.323,4664.671,,47 1:33.525,1:33.525,93.525,4661.406,,47 1:33.207,1:33.207,93.207,4687.857,,47 1:32.852,1:32.852,92.852,4680.735,,47 1:32.106,1:32.106,92.106,4612.354,,47 1:32.494,1:32.494,92.494,4602.504,,46,4473.990,0.000,6.720,18.966,42.447,46.258,36.020,34.666,,45.240,30.702,90.696,,93.891,97.358,86.201,95.941,81.168,75.933,113.893,120.660
48 1:32.563,1:32.563,92.563,4659.337,,48 1:32.514,1:32.514,92.514,4666.056,,48 1:33.383,1:33.383,93.383,4757.032,,48 1:32.711,1:32.711,92.711,4746.760,,48 1:32.369,1:32.369,92.369,4703.752,,48 1:32.657,1:32.657,92.657,4689.923,,,,#VALUE!,#VALUE!,,48 1:33.481,1:33.481,93.481,4753.461,,48 1:32.629,1:32.629,92.629,4693.864,,,,,,,48 1:33.364,1:33.364,93.364,4678.349,,48 1:32.262,1:32.262,92.262,4701.282,,48 1:33.474,1:33.474,93.474,4740.97,,48 1:32.520,1:32.520,92.52,4734.822,,48 1:43.781,1:43.781,103.781,4768.452,,48 1:33.840,1:33.840,93.84,4755.246,,48 1:32.761,1:32.761,92.761,4780.618,,48 1:32.947,1:32.947,92.947,4773.682,,48 1:32.381,1:32.381,92.381,4704.735,,48 1:32.880,1:32.880,92.88,4695.384,,47,4566.774,0.000,6.768,18.211,42.246,45.580,35.730,34.461,,44.609,30.492,93.206,,94.632,97.897,87.275,96.875,80.722,75.528,113.961,121.083
49 1:32.163,1:32.163,92.163,4751.500,,49 1:33.029,1:33.029,93.029,4759.085,,49 1:33.026,1:33.026,93.026,4850.058,,49 1:32.560,1:32.560,92.560,4839.320,,49 1:32.388,1:32.388,92.388,4796.140,,49 1:32.588,1:32.588,92.588,4782.511,,,,#VALUE!,#VALUE!,,49 1:33.813,1:33.813,93.813,4847.274,,49 1:32.389,1:32.389,92.389,4786.253,,,,,,,49 1:31.931,1:31.931,91.931,4770.28,,49 1:32.484,1:32.484,92.484,4793.766,,49 1:33.437,1:33.437,93.437,4834.407,,49 1:32.366,1:32.366,92.366,4827.188,,49 1:35.536,1:35.536,95.536,4863.988,,49 1:33.560,1:33.560,93.56,4848.806,,49 1:32.208,1:32.208,92.208,4872.826,,49 1:32.706,1:32.706,92.706,4866.388,,49 1:32.615,1:32.615,92.615,4797.35,,49 1:32.680,1:32.680,92.68,4788.064,,48,4659.337,0.000,6.719,19.012,41.945,45.398,36.047,34.527,,44.415,30.586,94.124,,95.909,109.115,87.423,97.695,81.633,75.485,114.345,121.281
50 1:31.773,1:31.773,91.773,4843.273,,50 1:32.831,1:32.831,92.831,4851.916,,,,,,,50 1:32.307,1:32.307,92.307,4931.627,,50 1:32.841,1:32.841,92.841,4888.981,,50 1:32.769,1:32.769,92.769,4875.28,,,,#VALUE!,#VALUE!,,,,,,,50 1:32.779,1:32.779,92.779,4879.032,,,,,,,50 1:31.632,1:31.632,91.632,4861.912,,50 1:32.186,1:32.186,92.186,4885.952,,50 1:34.603,1:34.603,94.603,4929.01,,50 1:33.081,1:33.081,93.081,4920.269,,,,,,,,,,,,,,,,,,,,,,50 1:33.314,1:33.314,93.314,4890.664,,50 1:35.145,1:35.145,95.145,4883.209,,49,4751.500,0.000,7.585,18.780,42.266,45.850,36.564,34.753,,44.640,31.011,95.774,,97.306,112.488,87.820,98.558,82.907,75.688,114.888,121.326
,,,,,,,,,,,,,,,,,,,,,,,,,,,,,,,,,,,,,,,,,,,,,,,,,,,,,,,,,,,,,,,,,,,,,,,,,,,,,,,,,,,,,,,,,,,,,,,,,,,,50,4843.273,0.000,8.643,18.639,42.679,47.391,39.936,35.759,,45.708,32.007,,,,,88.354,,85.737,76.996,,
,,,,,,,,,,,,,,,,,,,,,,,,,,,,,,,,,,,,,,,,,,,,,,,,,,,,,,,,,,,,,,,,,,,,,,,,,,,,,,,,,,,,,,,,,,,,,,,,,,,,,,,,,,,,,,,,,,,,,,,,,
,,,,,,,,,,,,,,,,,,,,,,,,,,,,,,,,,,,,,,,,,,,,,,,,,,,,,,,,,,,,,,,,,,,,,,,,,,,,,,,,,,,,,,,,,,,,,,,,,,,,,,,,,,,,,,,,,,,,,,,,,
,,,,,,,,,,,,,,,,,,,,,,,,,,,,,,,,,,,,,,,,,,,,,,,,,,,,,,,,,,,,,,,,,,,,,,,,,,,,,,,,,,,,,,,,,,,,,,,,,,,,,,,,,,,,,,,,,,,,,,,,,
,,,,,,,,,,,,,,,,,,,,,,,,,,,,,,,,,,,,,,,,,,,,,,,,,,,,,,,,,,,,,,,,,,,,,,,,,,,,,,,,,,,,,,,,,,,,,,,,,,,,,,,,,,,,,,,,,,,,,,,,,
,,,,,,,,,,,,,,,,,,,,,,,,,,,,,,,,,,,,,,,,,,,,,,,,,,,,,,,,,,,,,,,,,,,,,,,,,,,,,,,,,,,,,,,,,,,,,,,,,,,,,,,,,,,,,,,,,,,,,,,,,
,,,,,,,,,,,,,,,,,,,,,,,,,,,,,,,,,,,,,,,,,,,,,,,,,,,,,,,,,,,,,,,,,,,,,,,,,,,,,,,,,,,,,,,,,,,,,,,,,,,,,,,,,,,,,,,,,,,,,,,,,
,,,,,,,,,,,,,,,,,,,,,,,,,,,,,,,,,,,,,,,,,,,,,,,,,,,,,,,,,,,,,,,,,,,,,,,,,,,,,,,,,,,,,,,,,,,,,,,,,,,,,,,,,,,,,,,,,,,,,,,,,
,,,,,,,,,,,,,,,,,,,,,,,,,,,,,,,,,,,,,,,,,,,,,,,,,,,,,,,,,,,,,,,,,,,,,,,,,,,,,,,,,,,,,,,,,,,,,,,,,,,,,,,,,,,,,,,,,,,,,,,,,
,,,,,,,,,,,,,,,,,,,,,,,,,,,,,,,,,,,,,,,,,,,,,,,,,,,,,,,,,,,,,,,,,,,,,,,,,,,,,,,,,,,,,,,,,,,,,,,,,,,,,,,,,,,,,,,,,,,,,,,,,
,,,,,,,,,,,,,,,,,,,,,,,,,,,,,,,,,,,,,,,,,,,,,,,,,,,,,,,,,,,,,,,,,,,,,,,,,,,,,,,,,,,,,,,,,,,,,,,,,,,,,,,,,,,,,,,,,,,,,,,,,
,,,,,,,,,,,,,,,,,,,,,,,,,,,,,,,,,,,,,,,,,,,,,,,,,,,,,,,,,,,,,,,,,,,,,,,,,,,,,,,,,,,,,,,,,,,,,,,,,,,,,,,,,,,,,,,,,,,,,,,,,
,,,,,,,,,,,,,,,,,,,,,,,,,,,,,,,,,,,,,,,,,,,,,,,,,,,,,,,,,,,,,,,,,,,,,,,,,,,,,,,,,,,,,,,,,,,,,,,,,,,,,,,,,,,,,,,,,,,,,,,,,
,,,,,,,,,,,,,,,,,,,,,,,,,,,,,,,,,,,,,,,,,,,,,,,,,,,,,,,,,,,,,,,,,,,,,,,,,,,,,,,,,,,,,,,,,,,,,,,,,,,,,,,,,,,,,,,,,,,,,,,,,
,,,,,,,,,,,,,,,,,,,,,,,,,,,,,,,,,,,,,,,,,,,,,,,,,,,,,,,,,,,,,,,,,,,,,,,,,,,,,,,,,,,,,,,,,,,,,,,,,,,,,,,,,,,,,,,,,,,,,,,,,
,,,,,,,,,,,,,,,,,,,,,,,,,,,,,,,,,,,,,,,,,,,,,,,,,,,,,,,,,,,,,,,,,,,,,,,,,,,,,,,,,,,,,,,,,,,,,,,,,,,,,,,,,,,,,,,,,,,,,,,,,
,,,,,,,,,,,,,,,,,,,,,,,,,,,,,,,,,,,,,,,,,,,,,,,,,,,,,,,,,,,,,,,,,,,,,,,,,,,,,,,,,,,,,,,,,,,,,,,,,,,,,,,,,,,,,,,,,,,,,,,,,
,,,,,,,,,,,,,,,,,,,,,,,,,,,,,,,,,,,,,,,,,,,,,,,,,,,,,,,,,,,,,,,,,,,,,,,,,,,,,,,,,,,,,,,,,,,,,,,,,,,,,,,,,,,,,,,,,,,,,,,,,
,,,,,,,,,,,,,,,,,,,,,,,,,,,,,,,,,,,,,,,,,,,,,,,,,,,,,,,,,,,,,,,,,,,,,,,,,,,,,,,,,,,,,,,,,,,,,,,,,,,,,,,,,,,,,,,,,,,,,,,,,
,,,,,,,,,,,,,,,,,,,,,,,,,,,,,,,,,,,,,,,,,,,,,,,,,,,,,,,,,,,,,,,,,,,,,,,,,,,,,,,,,,,,,,,,,,,,,,,,,,,,,,,,,,,,,,,,,,,,,,,,,
,,,,,,,,,,,,,,,,,,,,,,,,,,,,,,,,,,,,,,,,,,,,,,,,,,,,,,,,,,,,,,,,,,,,,,,,,,,,,,,,,,,,,,,,,,,,,,,,,,,,,,,,,,,,,,,,,,,,,,,,,
,,,,,,,,,,,,,,,,,,,,,,,,,,,,,,,,,,,,,,,,,,,,,,,,,,,,,,,,,,,,,,,,,,,,,,,,,,,,,,,,,,,,,,,,,,,,,,,,,,,,,,,,,,,,,,,,,,,,,,,,,
,,,,,,,,,,,,,,,,,,,,,,,,,,,,,,,,,,,,,,,,,,,,,,,,,,,,,,,,,,,,,,,,,,,,,,,,,,,,,,,,,,,,,,,,,,,,,,,,,,,,,,,,,,,,,,,,,,,,,,,,,
,,,,,,,,,,,,,,,,,,,,,,,,,,,,,,,,,,,,,,,,,,,,,,,,,,,,,,,,,,,,,,,,,,,,,,,,,,,,,,,,,,,,,,,,,,,,,,,,,,,,,,,,,,,,,,,,,,,,,,,,,
,,,,,,,,,,,,,,,,,,,,,,,,,,,,,,,,,,,,,,,,,,,,,,,,,,,,,,,,,,,,,,,,,,,,,,,,,,,,,,,,,,,,,,,,,,,,,,,,,,,,,,,,,,,,,,,,,,,,,,,,,
,,,,,,,,,,,,,,,,,,,,,,,,,,,,,,,,,,,,,,,,,,,,,,,,,,,,,,,,,,,,,,,,,,,,,,,,,,,,,,,,,,,,,,,,,,,,,,,,,,,,,,,,,,,,,,,,,,,,,,,,,
,,,,,,,,,,,,,,,,,,,,,,,,,,,,,,,,,,,,,,,,,,,,,,,,,,,,,,,,,,,,,,,,,,,,,,,,,,,,,,,,,,,,,,,,,,,,,,,,,,,,,,,,,,,,,,,,,,,,,,,,,
,,,,,,,,,,,,,,,,,,,,,,,,,,,,,,,,,,,,,,,,,,,,,,,,,,,,,,,,,,,,,,,,,,,,,,,,,,,,,,,,,,,,,,,,,,,,,,,,,,,,,,,,,,,,,,,,,,,,,,,,,
,,,,,,,,,,,,,,,,,,,,,,,,,,,,,,,,,,,,,,,,,,,,,,,,,,,,,,,,,,,,,,,,,,,,,,,,,,,,,,,,,,,,,,,,,,,,,,,,,,,,,,,,,,,,,,,,,,,,,,,,,
,,,,,,,,,,,,,,,,,,,,,,,,,,,,,,,,,,,,,,,,,,,,,,,,,,,,,,,,,,,,,,,,,,,,,,,,,,,,,,,,,,,,,,,,,,,,,,,,,,,,,,,,,,,,,,,,,,,,,,,,,
,,,,,,,,,,,,,,,,,,,,,,,,,,,,,,,,,,,,,,,,,,,,,,,,,,,,,,,,,,,,,,,,,,,,,,,,,,,,,,,,,,,,,,,,,,,,,,,,,,,,,,,,,,,,,,,,,,,,,,,,,
,,,,,,,,,,,,,,,,,,,,,,,,,,,,,,,,,,,,,,,,,,,,,,,,,,,,,,,,,,,,,,,,,,,,,,,,,,,,,,,,,,,,,,,,,,,,,,,,,,,,,,,,,,,,,,,,,,,,,,,,,
,,,,,,,,,,,,,,,,,,,,,,,,,,,,,,,,,,,,,,,,,,,,,,,,,,,,,,,,,,,,,,,,,,,,,,,,,,,,,,,,,,,,,,,,,,,,,,,,,,,,,,,,,,,,,,,,,,,,,,,,,
,,,,,,,,,,,,,,,,,,,,,,,,,,,,,,,,,,,,,,,,,,,,,,,,,,,,,,,,,,,,,,,,,,,,,,,,,,,,,,,,,,,,,,,,,,,,,,,,,,,,,,,,,,,,,,,,,,,,,,,,,
,,,,,,,,,,,,,,,,,,,,,,,,,,,,,,,,,,,,,,,,,,,,,,,,,,,,,,,,,,,,,,,,,,,,,,,,,,,,,,,,,,,,,,,,,,,,,,,,,,,,,,,,,,,,,,,,,,,,,,,,,
,,,,,,,,,,,,,,,,,,,,,,,,,,,,,,,,,,,,,,,,,,,,,,,,,,,,,,,,,,,,,,,,,,,,,,,,,,,,,,,,,,,,,,,,,,,,,,,,,,,,,,,,,,,,,,,,,,,,,,,,,
,,,,,,,,,,,,,,,,,,,,,,,,,,,,,,,,,,,,,,,,,,,,,,,,,,,,,,,,,,,,,,,,,,,,,,,,,,,,,,,,,,,,,,,,,,,,,,,,,,,,,,,,,,,,,,,,,,,,,,,,,
,,,,,,,,,,,,,,,,,,,,,,,,,,,,,,,,,,,,,,,,,,,,,,,,,,,,,,,,,,,,,,,,,,,,,,,,,,,,,,,,,,,,,,,,,,,,,,,,,,,,,,,,,,,,,,,,,,,,,,,,,
,,,,,,,,,,,,,,,,,,,,,,,,,,,,,,,,,,,,,,,,,,,,,,,,,,,,,,,,,,,,,,,,,,,,,,,,,,,,,,,,,,,,,,,,,,,,,,,,,,,,,,,,,,,,,,,,,,,,,,,,,
,,,,,,,,,,,,,,,,,,,,,,,,,,,,,,,,,,,,,,,,,,,,,,,,,,,,,,,,,,,,,,,,,,,,,,,,,,,,,,,,,,,,,,,,,,,,,,,,,,,,,,,,,,,,,,,,,,,,,,,,,
,,,,,,,,,,,,,,,,,,,,,,,,,,,,,,,,,,,,,,,,,,,,,,,,,,,,,,,,,,,,,,,,,,,,,,,,,,,,,,,,,,,,,,,,,,,,,,,,,,,,,,,,,,,,,,,,,,,,,,,,,
,,,,,,,,,,,,,,,,,,,,,,,,,,,,,,,,,,,,,,,,,,,,,,,,,,,,,,,,,,,,,,,,,,,,,,,,,,,,,,,,,,,,,,,,,,,,,,,,,,,,,,,,,,,,,,,,,,,,,,,,,
,,,,,,,,,,,,,,,,,,,,,,,,,,,,,,,,,,,,,,,,,,,,,,,,,,,,,,,,,,,,,,,,,,,,,,,,,,,,,,,,,,,,,,,,,,,,,,,,,,,,,,,,,,,,,,,,,,,,,,,,,
,,,,,,,,,,,,,,,,,,,,,,,,,,,,,,,,,,,,,,,,,,,,,,,,,,,,,,,,,,,,,,,,,,,,,,,,,,,,,,,,,,,,,,,,,,,,,,,,,,,,,,,,,,,,,,,,,,,,,,,,,
,,,,,,,,,,,,,,,,,,,,,,,,,,,,,,,,,,,,,,,,,,,,,,,,,,,,,,,,,,,,,,,,,,,,,,,,,,,,,,,,,,,,,,,,,,,,,,,,,,,,,,,,,,,,,,,,,,,,,,,,,
,,,,,,,,,,,,,,,,,,,,,,,,,,,,,,,,,,,,,,,,,,,,,,,,,,,,,,,,,,,,,,,,,,,,,,,,,,,,,,,,,,,,,,,,,,,,,,,,,,,,,,,,,,,,,,,,,,,,,,,,,
,,,,,,,,,,,,,,,,,,,,,,,,,,,,,,,,,,,,,,,,,,,,,,,,,,,,,,,,,,,,,,,,,,,,,,,,,,,,,,,,,,,,,,,,,,,,,,,,,,,,,,,,,,,,,,,,,,,,,,,,,
,,,,,,,,,,,,,,,,,,,,,,,,,,,,,,,,,,,,,,,,,,,,,,,,,,,,,,,,,,,,,,,,,,,,,,,,,,,,,,,,,,,,,,,,,,,,,,,,,,,,,,,,,,,,,,,,,,,,,,,,,
,,,,,,,,,,,,,,,,,,,,,,,,,,,,,,,,,,,,,,,,,,,,,,,,,,,,,,,,,,,,,,,,,,,,,,,,,,,,,,,,,,,,,,,,,,,,,,,,,,,,,,,,,,,,,,,,,,,,,,,,,
,,,,,,,,,,,,,,,,,,,,,,,,,,,,,,,,,,,,,,,,,,,,,,,,,,,,,,,,,,,,,,,,,,,,,,,,,,,,,,,,,,,,,,,,,,,,,,,,,,,,,,,,,,,,,,,,,,,,,,,,,
,,,,,,,,,,,,,,,,,,,,,,,,,,,,,,,,,,,,,,,,,,,,,,,,,,,,,,,,,,,,,,,,,,,,,,,,,,,,,,,,,,,,,,,,,,,,,,,,,,,,,,,,,,,,,,,,,,,,,,,,,
,,,,,,,,,,,,,,,,,,,,,,,,,,,,,,,,,,,,,,,,,,,,,,,,,,,,,,,,,,,,,,,,,,,,,,,,,,,,,,,,,,,,,,,,,,,,,,,,,,,,,,,,,,,,,,,,,,,,,,,,,
,,,,,,,,,,,,,,,,,,,,,,,,,,,,,,,,,,,,,,,,,,,,,,,,,,,,,,,,,,,,,,,,,,,,,,,,,,,,,,,,,,,,,,,,,,,,,,,,,,,,,,,,,,,,,,,,,,,,,,,,,
,,,,,,,,,,,,,,,,,,,,,,,,,,,,,,,,,,,,,,,,,,,,,,,,,,,,,,,,,,,,,,,,,,,,,,,,,,,,,,,,,,,,,,,,,,,,,,,,,,,,,,,,,,,,,,,,,,,,,,,,,
,,,,,,,,,,,,,,,,,,,,,,,,,,,,,,,,,,,,,,,,,,,,,,,,,,,,,,,,,,,,,,,,,,,,,,,,,,,,,,,,,,,,,,,,,,,,,,,,,,,,,,,,,,,,,,,,,,,,,,,,,
,,,,,,,,,,,,,,,,,,,,,,,,,,,,,,,,,,,,,,,,,,,,,,,,,,,,,,,,,,,,,,,,,,,,,,,,,,,,,,,,,,,,,,,,,,,,,,,,,,,,,,,,,,,,,,,,,,,,,,,,,
,,,,,,,,,,,,,,,,,,,,,,,,,,,,,,,,,,,,,,,,,,,,,,,,,,,,,,,,,,,,,,,,,,,,,,,,,,,,,,,,,,,,,,,,,,,,,,,,,,,,,,,,,,,,,,,,,,,,,,,,,
,,,,,,,,,,,,,,,,,,,,,,,,,,,,,,,,,,,,,,,,,,,,,,,,,,,,,,,,,,,,,,,,,,,,,,,,,,,,,,,,,,,,,,,,,,,,,,,,,,,,,,,,,,,,,,,,,,,,,,,,,
,,,,,,,,,,,,,,,,,,,,,,,,,,,,,,,,,,,,,,,,,,,,,,,,,,,,,,,,,,,,,,,,,,,,,,,,,,,,,,,,,,,,,,,,,,,,,,,,,,,,,,,,,,,,,,,,,,,,,,,,,
,,,,,,,,,,,,,,,,,,,,,,,,,,,,,,,,,,,,,,,,,,,,,,,,,,,,,,,,,,,,,,,,,,,,,,,,,,,,,,,,,,,,,,,,,,,,,,,,,,,,,,,,,,,,,,,,,,,,,,,,,
,,,,,,,,,,,,,,,,,,,,,,,,,,,,,,,,,,,,,,,,,,,,,,,,,,,,,,,,,,,,,,,,,,,,,,,,,,,,,,,,,,,,,,,,,,,,,,,,,,,,,,,,,,,,,,,,,,,,,,,,,
,,,,,,,,,,,,,,,,,,,,,,,,,,,,,,,,,,,,,,,,,,,,,,,,,,,,,,,,,,,,,,,,,,,,,,,,,,,,,,,,,,,,,,,,,,,,,,,,,,,,,,,,,,,,,,,,,,,,,,,,,
,,,,,,,,,,,,,,,,,,,,,,,,,,,,,,,,,,,,,,,,,,,,,,,,,,,,,,,,,,,,,,,,,,,,,,,,,,,,,,,,,,,,,,,,,,,,,,,,,,,,,,,,,,,,,,,,,,,,,,,,,
,,,,,,,,,,,,,,,,,,,,,,,,,,,,,,,,,,,,,,,,,,,,,,,,,,,,,,,,,,,,,,,,,,,,,,,,,,,,,,,,,,,,,,,,,,,,,,,,,,,,,,,,,,,,,,,,,,,,,,,,,
,,,,,,,,,,,,,,,,,,,,,,,,,,,,,,,,,,,,,,,,,,,,,,,,,,,,,,,,,,,,,,,,,,,,,,,,,,,,,,,,,,,,,,,,,,,,,,,,,,,,,,,,,,,,,,,,,,,,,,,,,
,,,,,,,,,,,,,,,,,,,,,,,,,,,,,,,,,,,,,,,,,,,,,,,,,,,,,,,,,,,,,,,,,,,,,,,,,,,,,,,,,,,,,,,,,,,,,,,,,,,,,,,,,,,,,,,,,,,,,,,,,
,,,,,,,,,,,,,,,,,,,,,,,,,,,,,,,,,,,,,,,,,,,,,,,,,,,,,,,,,,,,,,,,,,,,,,,,,,,,,,,,,,,,,,,,,,,,,,,,,,,,,,,,,,,,,,,,,,,,,,,,,
,,,,,,,,,,,,,,,,,,,,,,,,,,,,,,,,,,,,,,,,,,,,,,,,,,,,,,,,,,,,,,,,,,,,,,,,,,,,,,,,,,,,,,,,,,,,,,,,,,,,,,,,,,,,,,,,,,,,,,,,,
,,,,,,,,,,,,,,,,,,,,,,,,,,,,,,,,,,,,,,,,,,,,,,,,,,,,,,,,,,,,,,,,,,,,,,,,,,,,,,,,,,,,,,,,,,,,,,,,,,,,,,,,,,,,,,,,,,,,,,,,,
