1 Max VERSTAPPEN,,MV_Laptime_s,MV_Cumulative,,11 Sergio PEREZ,,SP_Laptime_s,SP_Cumulative,,2 Logan SARGEANT,,SAR_Laptime_s,SAR_Cumulative,,23 Alex ALBON,,AA_Laptime_s,AA_Cumulative,,4 Lando NORRIS,,LN_Laptime_s,LN_Cumulative,,81 Oscar PIASTRI,,OP_Laptime_s,OP_Cumulative,,10 Pierre GASLY,,PG_Laptime_s,PG_Cumulative,,31 Esteban OCON,,EO_Laptime_s,EO_Cumulative,,14 Fernando ALONSO,,FA_Laptime_s,FA_Cumulative,,18 Lance STROLL,,LS_Laptime_s,LS_Cumulative,,16 Charles LECLERC,,CL_Laptime_s,CL_Cumulative,,55 Carlos SAINZ,,CS_Laptime_s,CS_Cumulative,,20 Kevin MAGNUSSEN,,KM_Laptime_s,KM_Cumulative,,27 Nico HULKENBERG,,NH_Laptime_s,NH_Cumulative,,3 Daniel RICCIARDO,,RIC_Laptime_s,RIC_Cumulative,,22 Yuki TSUNODA,,YT_Laptime_s,YT_Cumulative,,24 Guanyu ZHOU,,GZ_Laptime_s,GZ_Cumulative,,77 Valterri BOTTAS,,VB_Laptime_s,VB_Cumulative,,44 Lewis HAMILTON,,LH_Laptime_s,LH_Cumulative,,63 George RUSSELL,,GR_Laptime_s,GR_Cumulative,,,,RBR1,RBR2,SF1,SF2,M-AMG1,M_AMG2,AMR1,AMR2,MCL1,MCL2,ALP1,ALP2,ATO1,ATO2,WIL1,WIL2,HAS1,HAS2,SAUB1,SAUB2
1 P 2:10.735,2:10.735,130.735,130.735,,1 P 2:12.767,2:12.767,132.767,132.767,,1 P 3:08.456,3:08.456,188.456,188.456,,,,#VALUE!,#VALUE!,,1 P 2:14.751,2:14.751,134.751,134.751,,1 P 2:24.356,2:24.356,144.356,144.356,,1 P 2:53.223,2:53.223,173.223,173.223,,1 P 2:50.167,2:50.167,170.167,170.167,,1 P 2:20.526,2:20.526,140.526,140.526,,1 P 2:59.595,2:59.595,179.595,179.595,,1 P 2:34.543,2:34.543,154.543,154.543,,1 P 2:17.613,2:17.613,137.613,137.613,,1 P 3:05.172,3:05.172,185.172,185.172,,1 P 2:42.853,2:42.853,162.853,162.853,,,,#VALUE!,#VALUE!,,1 P 2:47.566,2:47.566,167.566,167.566,,1 P 3:15.118,3:15.118,195.118,195.118,,1 P 2:44.736,2:44.736,164.736,164.736,,1 P 2:32.716,2:32.716,152.716,152.716,,1 P 2:39.587,2:39.587,159.587,159.587,,,RefTime (VER),VER,PER,LEC,SAI,HAM,RUS,ALO,STR,NOR,PIA,OCO,GAS,TSU,RIC,ALB,SAR,MAG,HUL,BOT,ZHO
2 28:31.131,8:31.131,511.131,641.866,,2 28:31.382,8:31.382,511.382,644.149,,2 28:24.529,8:24.529,504.529,692.985,,,,#VALUE!,#VALUE!,,2 28:30.610,8:30.610,510.610,645.361,,2 28:34.222,8:34.222,514.222,658.578,,2 28:31.726,8:31.726,511.726,684.949,,2 28:31.609,8:31.609,511.609,681.776,,2 28:34.647,8:34.647,514.647,655.173,,2 28:28.558,8:28.558,508.558,688.153,,2 28:31.605,8:31.605,511.605,666.148,,2 28:32.219,8:32.219,512.219,649.832,,2 28:25.561,8:25.561,505.561,690.733,,2 28:28.601,8:28.601,508.601,671.454,,,,#VALUE!,#VALUE!,,2 28:29.992,8:29.992,509.992,677.558,,2 28:19.553,8:19.553,499.553,694.671,,2 28:28.578,8:28.578,508.578,673.314,,2 28:29.973,8:29.973,509.973,662.689,,2 28:28.819,8:28.819,508.819,668.406,,1,130.735,0.000,2.032,23.808,6.878,21.981,28.852,9.791,48.860,4.016,13.621,39.432,42.488,36.831,,,57.721,54.437,32.118,34.001,64.383
3 2:52.922,2:52.922,172.922,814.788,,3 2:51.630,2:51.630,171.630,815.779,,3 2:12.603,2:12.603,132.603,825.588,,,,#VALUE!,#VALUE!,,3 2:51.325,2:51.325,171.325,816.686,,3 2:40.061,2:40.061,160.061,818.639,,3 2:18.362,2:18.362,138.362,823.311,,3 2:20.237,2:20.237,140.237,822.013,,3 2:42.586,2:42.586,162.586,817.759,,3 2:14.682,2:14.682,134.682,822.835,,3 2:33.066,2:33.066,153.066,819.214,,3 2:47.321,2:47.321,167.321,817.153,,3 2:12.996,2:12.996,132.996,823.729,,3 2:33.011,2:33.011,153.011,824.465,,,,#VALUE!,#VALUE!,,3 2:23.191,2:23.191,143.191,820.749,,3 2:09.289,2:09.289,129.289,823.96,,3 2:28.991,2:28.991,148.991,822.305,,3 2:37.153,2:37.153,157.153,819.842,,3 2:32.774,2:32.774,152.774,821.18,,2,641.866,0.000,2.283,24.282,7.966,20.823,26.540,13.307,46.287,3.495,16.712,39.910,43.083,35.692,,,51.119,48.867,29.588,31.448,52.805
4 1:36.472,1:36.472,96.472,911.260,,4 1:36.573,1:36.573,96.573,912.352,,4 1:40.424,1:40.424,100.424,926.012,,,,#VALUE!,#VALUE!,,4 1:36.853,1:36.853,96.853,913.539,,4 1:37.734,1:37.734,97.734,916.373,,4 1:39.925,1:39.925,99.925,923.236,,4 1:39.541,1:39.541,99.541,921.554,,4 1:37.453,1:37.453,97.453,915.212,,4 1:39.528,1:39.528,99.528,922.363,,4 1:38.268,1:38.268,98.268,917.482,,4 1:37.225,1:37.225,97.225,914.378,,4 1:40.103,1:40.103,100.103,923.832,,4 1:40.374,1:40.374,100.374,924.839,,,,#VALUE!,#VALUE!,,4 1:39.108,1:39.108,99.108,919.857,,4 1:40.228,1:40.228,100.228,924.188,,4 1:39.462,1:39.462,99.462,921.767,,4 1:38.303,1:38.303,98.303,918.145,,4 1:38.976,1:38.976,98.976,920.156,,3,814.788,0.000,0.991,4.426,2.365,5.054,6.392,2.971,8.047,1.898,3.851,7.225,8.523,5.961,,,10.800,8.941,9.677,7.517,9.172
5 1:36.437,1:36.437,96.437,1007.697,,5 1:36.568,1:36.568,96.568,1008.920,,5 1:39.668,1:39.668,99.668,1025.680,,,,#VALUE!,#VALUE!,,5 1:36.860,1:36.860,96.860,1010.399,,5 1:37.631,1:37.631,97.631,1014.004,,5 1:39.473,1:39.473,99.473,1022.709,,5 1:40.081,1:40.081,100.081,1021.635,,5 1:37.532,1:37.532,97.532,1012.744,,5 1:39.552,1:39.552,99.552,1021.915,,5 1:37.812,1:37.812,97.812,1015.294,,5 1:37.322,1:37.322,97.322,1011.7,,5 1:39.392,1:39.392,99.392,1023.224,,5 P 1:41.491,1:41.491,101.491,1026.33,,,,#VALUE!,#VALUE!,,5 1:39.508,1:39.508,99.508,1019.365,,5 1:39.597,1:39.597,99.597,1023.785,,5 1:38.279,1:38.279,98.279,1020.046,,5 1:38.139,1:38.139,98.139,1016.284,,5 1:37.737,1:37.737,97.737,1017.893,,4,911.260,0.000,1.092,6.222,3.118,6.885,8.896,3.952,11.103,2.279,5.113,10.294,11.976,8.597,,,14.752,12.572,13.579,10.507,12.928
6 1:36.855,1:36.855,96.855,1104.552,,6 1:37.693,1:37.693,97.693,1106.613,,6 1:39.582,1:39.582,99.582,1125.262,,,,#VALUE!,#VALUE!,,6 1:37.900,1:37.900,97.900,1108.299,,6 1:38.141,1:38.141,98.141,1112.145,,6 1:40.257,1:40.257,100.257,1122.966,,6 1:40.496,1:40.496,100.496,1122.131,,6 1:37.861,1:37.861,97.861,1110.605,,6 1:38.746,1:38.746,98.746,1120.661,,6 1:38.021,1:38.021,98.021,1113.315,,6 1:37.721,1:37.721,97.721,1109.421,,6 1:40.026,1:40.026,100.026,1123.25,,6 1:57.275,1:57.275,117.275,1143.605,,,,#VALUE!,#VALUE!,,6 1:38.887,1:38.887,98.887,1118.252,,6 1:39.991,1:39.991,99.991,1123.776,,6 P 1:41.288,1:41.288,101.288,1121.334,,6 1:38.190,1:38.190,98.19,1114.474,,6 1:38.392,1:38.392,98.392,1116.285,,5,1007.697,0.000,1.223,7.597,4.003,8.587,10.196,5.047,14.218,2.702,6.307,13.938,15.012,11.668,,,17.983,15.527,18.633,12.349,16.088
7 1:36.970,1:36.970,96.970,1201.522,,7 1:37.308,1:37.308,97.308,1203.921,,7 1:40.055,1:40.055,100.055,1225.317,,,,#VALUE!,#VALUE!,,7 1:37.742,1:37.742,97.742,1206.041,,7 1:38.191,1:38.191,98.191,1210.336,,7 1:40.248,1:40.248,100.248,1223.214,,7 1:39.744,1:39.744,99.744,1221.875,,7 1:38.203,1:38.203,98.203,1208.808,,7 1:38.624,1:38.624,98.624,1219.285,,7 1:38.187,1:38.187,98.187,1211.502,,7 1:37.756,1:37.756,97.756,1207.177,,7 1:40.357,1:40.357,100.357,1223.607,,7 1:36.751,1:36.751,96.751,1240.356,,,,#VALUE!,#VALUE!,,7 P 1:40.998,1:40.998,100.998,1219.25,,7 P 1:42.874,1:42.874,102.874,1226.65,,7 1:57.449,1:57.449,117.449,1238.783,,7 1:38.374,1:38.374,98.374,1212.848,,7 1:38.070,1:38.070,98.07,1214.355,,6,1104.552,0.000,2.061,8.763,4.869,9.922,11.733,6.053,16.109,3.747,7.593,17.579,18.414,13.700,,,20.710,18.698,39.053,16.782,19.224
8 1:37.329,1:37.329,97.329,1298.851,,8 1:37.220,1:37.220,97.220,1301.141,,8 1:39.655,1:39.655,99.655,1324.972,,,,#VALUE!,#VALUE!,,8 1:37.824,1:37.824,97.824,1303.865,,8 1:38.222,1:38.222,98.222,1308.558,,8 1:41.363,1:41.363,101.363,1324.577,,8 1:40.009,1:40.009,100.009,1321.884,,8 1:38.461,1:38.461,98.461,1307.269,,8 1:38.610,1:38.610,98.610,1317.895,,8 1:37.920,1:37.920,97.92,1309.422,,8 1:37.736,1:37.736,97.736,1304.913,,8 1:39.601,1:39.601,99.601,1323.208,,8 1:37.616,1:37.616,97.616,1337.972,,,,#VALUE!,#VALUE!,,8 1:58.044,1:58.044,118.044,1337.294,,8 1:58.402,1:58.402,118.402,1345.052,,8 1:36.706,1:36.706,96.706,1335.489,,8 1:38.096,1:38.096,98.096,1310.944,,8 1:38.192,1:38.192,98.192,1312.547,,7,1201.522,0.000,2.399,9.980,5.655,11.326,12.833,7.286,17.763,4.519,8.814,20.353,21.692,17.728,,,23.795,22.085,38.834,37.261,25.128
9 1:37.178,1:37.178,97.178,1396.029,,9 1:37.838,1:37.838,97.838,1398.979,,9 1:40.871,1:40.871,100.871,1425.843,,,,#VALUE!,#VALUE!,,9 1:37.963,1:37.963,97.963,1401.828,,9 1:38.500,1:38.500,98.5,1407.058,,9 1:40.780,1:40.780,100.780,1425.357,,9 1:40.294,1:40.294,100.294,1422.178,,9 1:38.884,1:38.884,98.884,1406.153,,9 1:38.881,1:38.881,98.881,1416.776,,9 1:38.213,1:38.213,98.213,1407.635,,9 1:37.980,1:37.980,97.98,1402.893,,9 1:40.251,1:40.251,100.251,1423.459,,9 1:37.898,1:37.898,97.898,1435.87,,,,#VALUE!,#VALUE!,,9 1:37.170,1:37.170,97.17,1434.464,,9 1:37.160,1:37.160,97.16,1442.212,,9 1:37.406,1:37.406,97.406,1432.895,,9 1:38.533,1:38.533,98.533,1409.477,,9 1:38.253,1:38.253,98.253,1410.8,,8,1298.851,0.000,2.290,10.571,6.062,12.093,13.696,8.418,19.044,5.014,9.707,23.033,25.726,38.443,,,26.121,24.357,39.121,36.638,46.201
10 1:37.590,1:37.590,97.590,1493.619,,10 1:37.926,1:37.926,97.926,1496.905,,10 1:40.916,1:40.916,100.916,1526.759,,,,#VALUE!,#VALUE!,,10 1:38.158,1:38.158,98.158,1499.986,,10 1:39.011,1:39.011,99.011,1506.069,,10 1:41.117,1:41.117,101.117,1526.474,,10 1:40.315,1:40.315,100.315,1522.493,,10 1:38.781,1:38.781,98.781,1504.934,,10 1:39.052,1:39.052,99.052,1515.828,,10 1:39.034,1:39.034,99.034,1506.669,,10 1:38.304,1:38.304,98.304,1501.197,,10 1:40.177,1:40.177,100.177,1523.636,,10 1:38.340,1:38.340,98.34,1534.21,,,,#VALUE!,#VALUE!,,10 1:37.496,1:37.496,97.496,1531.96,,10 1:37.500,1:37.500,97.5,1539.712,,10 1:37.451,1:37.451,97.451,1530.346,,10 1:38.703,1:38.703,98.703,1508.18,,10 1:38.368,1:38.368,98.368,1509.168,,9,1396.029,0.000,2.950,11.606,6.864,13.448,14.771,10.124,20.747,5.799,11.029,26.149,29.328,38.435,,,29.814,27.430,39.841,36.866,46.183
11 1:37.774,1:37.774,97.774,1591.393,,11 1:38.216,1:38.216,98.216,1595.121,,11 1:39.348,1:39.348,99.348,1626.107,,,,#VALUE!,#VALUE!,,11 P 1:40.760,1:40.760,100.760,1600.746,,11 1:39.245,1:39.245,99.245,1605.314,,11 1:41.628,1:41.628,101.628,1628.102,,11 1:40.371,1:40.371,100.371,1622.864,,11 1:38.943,1:38.943,98.943,1603.877,,11 1:39.103,1:39.103,99.103,1614.931,,11 1:39.193,1:39.193,99.193,1605.862,,11 1:38.273,1:38.273,98.273,1599.47,,11 1:39.900,1:39.900,99.9,1623.536,,11 1:38.352,1:38.352,98.352,1632.562,,,,#VALUE!,#VALUE!,,11 1:37.895,1:37.895,97.895,1629.855,,11 P 1:41.117,1:41.117,101.117,1640.829,,11 1:38.432,1:38.432,98.432,1628.778,,11 1:39.292,1:39.292,99.292,1607.472,,11 1:38.949,1:38.949,98.949,1608.117,,10,1493.619,0.000,3.286,13.050,7.578,14.561,15.549,11.315,22.209,6.367,12.450,28.874,32.855,38.341,,,33.140,30.017,40.591,36.727,46.093
12 1:37.753,1:37.753,97.753,1689.146,,12 1:38.156,1:38.156,98.156,1693.277,,12 1:39.911,1:39.911,99.911,1726.018,,,,#VALUE!,#VALUE!,,12 1:55.643,1:55.643,115.643,1716.389,,12 P 1:41.083,1:41.083,101.083,1706.397,,12 1:41.107,1:41.107,101.107,1729.209,,12 1:40.560,1:40.560,100.560,1723.424,,12 1:38.744,1:38.744,98.744,1702.621,,12 P 1:41.638,1:41.638,101.638,1716.569,,12 1:38.883,1:38.883,98.883,1704.745,,12 1:37.847,1:37.847,97.847,1697.317,,12 1:40.260,1:40.260,100.26,1723.796,,12 1:38.847,1:38.847,98.847,1731.409,,,,#VALUE!,#VALUE!,,12 1:40.057,1:40.057,100.057,1729.912,,12 P 2:08.193,2:08.193,128.193,1769.022,,12 1:40.691,1:40.691,100.691,1729.469,,12 1:39.202,1:39.202,99.202,1706.674,,12 1:39.212,1:39.212,99.212,1707.329,,11,1591.393,0.000,3.728,14.469,8.077,16.079,16.724,12.484,23.538,9.353,13.921,31.471,36.709,38.462,,,34.714,32.143,41.169,37.385,49.436
13 1:37.727,1:37.727,97.727,1786.873,,13 1:38.125,1:38.125,98.125,1791.402,,13 1:40.197,1:40.197,100.197,1826.215,,,,#VALUE!,#VALUE!,,13 1:35.761,1:35.761,95.761,1812.150,,13 1:58.558,1:58.558,118.558,1824.955,,13 1:42.475,1:42.475,102.475,1831.684,,13 1:41.341,1:41.341,101.341,1824.765,,13 P 1:40.816,1:40.816,100.816,1803.437,,13 1:56.221,1:56.221,116.221,1832.790,,13 1:38.479,1:38.479,98.479,1803.224,,13 1:38.333,1:38.333,98.333,1795.65,,13 1:39.267,1:39.267,99.267,1823.063,,13 1:40.302,1:40.302,100.302,1831.711,,,,#VALUE!,#VALUE!,,13 1:38.980,1:38.980,98.98,1828.892,,,,#VALUE!,#VALUE!,,13 1:38.282,1:38.282,98.282,1827.751,,13 1:40.240,1:40.240,100.24,1806.914,,13 1:38.989,1:38.989,98.989,1806.318,,12,1689.146,0.000,4.131,15.599,8.171,17.528,18.183,13.475,27.423,27.243,17.251,34.278,40.063,40.766,,,36.872,34.650,42.263,40.323,79.876
14 1:37.910,1:37.910,97.910,1884.783,,14 1:38.505,1:38.505,98.505,1889.907,,14 1:39.713,1:39.713,99.713,1925.928,,,,#VALUE!,#VALUE!,,14 1:36.777,1:36.777,96.777,1908.927,,14 1:37.675,1:37.675,97.675,1922.63,,14 1:41.773,1:41.773,101.773,1933.457,,14 1:40.787,1:40.787,100.787,1925.552,,14 1:56.544,1:56.544,116.544,1919.981,,14 1:37.935,1:37.935,97.935,1930.725,,14 1:38.595,1:38.595,98.595,1901.819,,14 1:38.504,1:38.504,98.504,1894.154,,14 1:40.786,1:40.786,100.786,1923.849,,14 1:38.617,1:38.617,98.617,1930.328,,,,#VALUE!,#VALUE!,,14 1:38.510,1:38.510,98.51,1927.402,,,,#VALUE!,#VALUE!,,14 1:38.717,1:38.717,98.717,1926.468,,14 1:39.053,1:39.053,99.053,1905.967,,14 1:38.428,1:38.428,98.428,1904.746,,13,1786.873,0.000,4.529,16.351,8.777,20.041,19.445,16.564,45.917,25.277,38.082,37.892,44.811,42.019,,,39.342,36.190,44.838,40.878,
15 1:37.854,1:37.854,97.854,1982.637,,15 P 1:40.906,1:40.906,100.906,1990.813,,15 1:39.368,1:39.368,99.368,2025.296,,,,#VALUE!,#VALUE!,,15 1:36.788,1:36.788,96.788,2005.715,,15 1:37.377,1:37.377,97.377,2020.007,,15 1:41.380,1:41.380,101.380,2034.837,,15 1:40.961,1:40.961,100.961,2026.513,,15 1:37.453,1:37.453,97.453,2017.434,,15 1:38.125,1:38.125,98.125,2028.850,,15 1:38.172,1:38.172,98.172,1999.991,,15 P 1:40.439,1:40.439,100.439,1994.593,,15 1:39.373,1:39.373,99.373,2023.222,,15 1:39.624,1:39.624,99.624,2029.952,,,,#VALUE!,#VALUE!,,15 1:39.925,1:39.925,99.925,2027.327,,,,#VALUE!,#VALUE!,,15 1:40.420,1:40.420,100.42,2026.888,,15 1:38.915,1:38.915,98.915,2004.882,,15 1:38.565,1:38.565,98.565,2003.311,,14,1884.783,0.000,5.124,17.036,9.371,21.184,19.963,35.198,45.942,24.144,37.847,40.769,48.674,42.619,,,41.145,39.066,45.545,41.685,
16 P 1:40.272,1:40.272,100.272,2082.909,,16 1:54.826,1:54.826,114.826,2105.639,,16 1:39.404,1:39.404,99.404,2124.700,,,,#VALUE!,#VALUE!,,16 1:38.241,1:38.241,98.241,2103.956,,16 1:37.058,1:37.058,97.058,2117.065,,16 P 1:43.476,1:43.476,103.476,2138.313,,16 1:40.692,1:40.692,100.692,2127.205,,16 1:37.021,1:37.021,97.021,2114.455,,16 1:39.274,1:39.274,99.274,2128.124,,16 1:37.876,1:37.876,97.876,2097.867,,16 1:56.159,1:56.159,116.159,2110.752,,16 1:39.814,1:39.814,99.814,2123.036,,16 1:39.355,1:39.355,99.355,2129.307,,,,#VALUE!,#VALUE!,,16 1:40.096,1:40.096,100.096,2127.423,,,,#VALUE!,#VALUE!,,16 1:38.633,1:38.633,98.633,2125.521,,16 1:38.693,1:38.693,98.693,2103.575,,16 1:38.658,1:38.658,98.658,2101.969,,15,1982.637,0.000,8.176,17.354,11.956,22.245,20.674,34.797,46.213,23.078,37.370,43.876,52.200,44.690,,,42.659,40.585,47.315,44.251,
17 1:56.478,1:56.478,116.478,2199.387,,17 1:37.428,1:37.428,97.428,2203.067,,17 1:39.216,1:39.216,99.216,2223.916,,,,#VALUE!,#VALUE!,,17 1:37.807,1:37.807,97.807,2201.763,,17 1:36.747,1:36.747,96.747,2213.812,,17 1:58.732,1:58.732,118.732,2257.045,,17 1:40.929,1:40.929,100.929,2228.134,,17 1:36.999,1:36.999,96.999,2211.454,,17 1:38.057,1:38.057,98.057,2226.181,,17 1:37.856,1:37.856,97.856,2195.723,,17 1:36.469,1:36.469,96.469,2207.221,,17 1:39.728,1:39.728,99.728,2222.764,,17 1:39.312,1:39.312,99.312,2228.619,,,,#VALUE!,#VALUE!,,17 1:37.944,1:37.944,97.944,2225.367,,,,#VALUE!,#VALUE!,,17 1:38.718,1:38.718,98.718,2224.239,,17 1:40.530,1:40.530,100.53,2204.105,,17 1:39.417,1:39.417,99.417,2201.386,,16,2082.909,0.000,22.730,14.958,27.843,20.666,19.060,31.546,45.215,21.047,34.156,44.296,55.404,44.514,,,41.791,40.127,46.398,42.612,
18 1:36.822,1:36.822,96.822,2296.209,,18 1:37.844,1:37.844,97.844,2300.911,,18 1:40.309,1:40.309,100.309,2324.225,,,,#VALUE!,#VALUE!,,18 1:36.487,1:36.487,96.487,2298.250,,18 1:36.822,1:36.822,96.822,2310.634,,18 1:38.374,1:38.374,98.374,2355.419,,18 1:40.737,1:40.737,100.737,2328.871,,18 1:37.031,1:37.031,97.031,2308.485,,18 1:38.843,1:38.843,98.843,2325.024,,18 1:37.760,1:37.760,97.76,2293.483,,18 1:36.698,1:36.698,96.698,2303.919,,18 1:39.665,1:39.665,99.665,2322.429,,18 1:38.476,1:38.476,98.476,2327.095,,,,#VALUE!,#VALUE!,,18 1:39.270,1:39.270,99.27,2324.637,,,,#VALUE!,#VALUE!,,18 1:38.830,1:38.830,98.83,2323.069,,18 1:39.304,1:39.304,99.304,2303.409,,18 1:40.317,1:40.317,100.317,2301.703,,17,2199.387,0.000,3.680,-3.664,7.834,4.718,1.999,12.067,26.794,2.376,14.425,28.747,57.658,25.980,,,24.529,23.377,29.232,24.852,
19 1:36.252,1:36.252,96.252,2392.461,,19 1:36.436,1:36.436,96.436,2397.347,,19 1:39.537,1:39.537,99.537,2423.762,,,,#VALUE!,#VALUE!,,19 1:36.783,1:36.783,96.783,2395.033,,19 1:36.782,1:36.782,96.782,2407.416,,19 1:38.599,1:38.599,98.599,2454.018,,19 P 1:42.283,1:42.283,102.283,2431.154,,19 1:36.821,1:36.821,96.821,2405.306,,19 1:39.757,1:39.757,99.757,2424.781,,19 1:37.523,1:37.523,97.523,2391.006,,19 1:37.786,1:37.786,97.786,2401.705,,19 1:39.538,1:39.538,99.538,2421.967,,19 1:38.894,1:38.894,98.894,2425.989,,,,#VALUE!,#VALUE!,,19 1:39.658,1:39.658,99.658,2424.295,,,,#VALUE!,#VALUE!,,19 1:39.632,1:39.632,99.632,2422.701,,19 1:39.352,1:39.352,99.352,2402.761,,19 1:38.392,1:38.392,98.392,2400.095,,18,2296.209,0.000,4.702,-2.726,7.710,7.200,5.494,12.276,28.815,2.041,14.425,32.662,59.210,28.428,,,28.016,26.220,30.886,26.860,
20 1:36.402,1:36.402,96.402,2488.863,,20 1:36.206,1:36.206,96.206,2493.553,,20 1:38.968,1:38.968,98.968,2522.730,,,,#VALUE!,#VALUE!,,20 1:36.847,1:36.847,96.847,2491.880,,20 1:36.984,1:36.984,96.984,2504.4,,20 1:38.741,1:38.741,98.741,2552.759,,20 1:58.375,1:58.375,118.375,2549.529,,20 1:37.615,1:37.615,97.615,2502.921,,20 1:39.248,1:39.248,99.248,2524.029,,20 1:37.480,1:37.480,97.48,2488.486,,20 1:37.314,1:37.314,97.314,2499.019,,20 1:39.262,1:39.262,99.262,2521.229,,20 1:39.343,1:39.343,99.343,2525.332,,,,#VALUE!,#VALUE!,,20 1:39.100,1:39.100,99.1,2523.395,,,,#VALUE!,#VALUE!,,20 1:39.113,1:39.113,99.113,2521.814,,20 1:38.619,1:38.619,98.619,2501.38,,20 1:38.463,1:38.463,98.463,2498.558,,19,2392.461,0.000,4.886,-1.455,9.244,10.300,7.634,12.845,32.320,2.572,14.955,38.693,61.557,31.834,,,31.301,29.506,33.528,30.240,
21 1:35.617,1:35.617,95.617,2584.480,,21 1:36.558,1:36.558,96.558,2590.111,,21 1:39.612,1:39.612,99.612,2622.342,,,,#VALUE!,#VALUE!,,21 1:36.996,1:36.996,96.996,2588.876,,21 1:37.416,1:37.416,97.416,2601.816,,21 1:38.415,1:38.415,98.415,2651.174,,21 1:37.716,1:37.716,97.716,2647.245,,21 1:37.565,1:37.565,97.565,2600.486,,21 1:39.552,1:39.552,99.552,2623.581,,21 1:38.203,1:38.203,98.203,2586.689,,21 1:37.995,1:37.995,97.995,2597.014,,21 1:39.545,1:39.545,99.545,2620.774,,21 1:39.780,1:39.780,99.78,2625.112,,,,#VALUE!,#VALUE!,,21 1:39.562,1:39.562,99.562,2622.957,,,,#VALUE!,#VALUE!,,21 1:39.457,1:39.457,99.457,2621.271,,21 1:38.642,1:38.642,98.642,2600.022,,21 1:39.492,1:39.492,99.492,2598.05,,20,2488.863,0.000,4.690,-0.377,10.156,12.517,9.695,14.058,35.166,3.017,15.537,60.666,63.896,34.532,,,33.867,32.366,36.469,32.951,
22 1:36.384,1:36.384,96.384,2680.864,,22 1:37.264,1:37.264,97.264,2687.375,,22 P 1:41.989,1:41.989,101.989,2724.331,,,,#VALUE!,#VALUE!,,22 1:38.888,1:38.888,98.888,2687.764,,22 1:38.625,1:38.625,98.625,2700.441,,22 1:38.382,1:38.382,98.382,2749.556,,22 1:37.775,1:37.775,97.775,2745.020,,22 1:37.721,1:37.721,97.721,2698.207,,22 P 1:42.328,1:42.328,102.328,2725.909,,22 1:37.744,1:37.744,97.744,2684.433,,22 1:36.575,1:36.575,96.575,2693.589,,22 P 1:42.164,1:42.164,102.164,2722.938,,22 1:39.694,1:39.694,99.694,2724.806,,,,#VALUE!,#VALUE!,,22 P 1:41.916,1:41.916,101.916,2724.873,,,,#VALUE!,#VALUE!,,22 P 1:42.311,1:42.311,102.311,2723.582,,22 1:39.823,1:39.823,99.823,2699.845,,22 P 1:40.895,1:40.895,100.895,2698.945,,21,2584.480,0.000,5.631,2.209,12.534,15.542,13.570,16.006,39.101,4.396,17.336,62.765,66.694,38.477,,,37.862,36.294,40.632,36.791,
23 1:36.205,1:36.205,96.205,2777.069,,23 1:36.656,1:36.656,96.656,2784.031,,23 2:01.843,2:01.843,121.843,2846.174,,,,#VALUE!,#VALUE!,,23 1:38.213,1:38.213,98.213,2785.977,,23 1:38.919,1:38.919,98.919,2799.36,,23 1:39.816,1:39.816,99.816,2849.372,,23 1:39.219,1:39.219,99.219,2844.239,,23 1:37.640,1:37.640,97.640,2795.847,,23 1:56.743,1:56.743,116.743,2842.652,,23 1:37.755,1:37.755,97.755,2782.188,,23 1:36.779,1:36.779,96.779,2790.368,,23 2:01.576,2:01.576,121.576,2844.514,,23 1:38.965,1:38.965,98.965,2823.771,,,,#VALUE!,#VALUE!,,23 1:57.251,1:57.251,117.251,2842.124,,,,#VALUE!,#VALUE!,,23 2:01.647,2:01.647,121.647,2845.229,,23 P 1:41.466,1:41.466,101.466,2801.311,,23 1:55.552,1:55.552,115.552,2814.497,,22,2680.864,0.000,6.511,3.569,12.725,18.981,18.081,17.343,45.045,6.900,19.577,64.156,68.692,44.009,,,43.467,42.074,43.942,42.718,
24 1:36.532,1:36.532,96.532,2873.601,,24 1:36.921,1:36.921,96.921,2880.952,,24 1:38.094,1:38.094,98.094,2944.268,,,,#VALUE!,#VALUE!,,24 1:37.722,1:37.722,97.722,2883.699,,24 1:37.175,1:37.175,97.175,2896.535,,24 1:38.781,1:38.781,98.781,2948.153,,24 1:38.924,1:38.924,98.924,2943.163,,24 1:37.435,1:37.435,97.435,2893.282,,24 1:36.761,1:36.761,96.761,2939.413,,24 1:38.071,1:38.071,98.071,2880.259,,24 1:36.805,1:36.805,96.805,2887.173,,24 1:36.654,1:36.654,96.654,2941.168,,24 1:39.261,1:39.261,99.261,2923.032,,,,#VALUE!,#VALUE!,,24 1:36.637,1:36.637,96.637,2938.761,,,,#VALUE!,#VALUE!,,24 1:38.126,1:38.126,98.126,2943.355,,24 1:55.127,1:55.127,115.127,2916.438,,24 1:35.149,1:35.149,95.149,2909.646,,23,2777.069,0.000,6.962,5.119,13.299,24.242,37.428,18.778,65.583,8.908,22.291,67.170,72.303,65.055,,,69.105,67.445,46.702,68.160,
25 1:36.337,1:36.337,96.337,2969.938,,25 1:37.760,1:37.760,97.760,2978.712,,25 1:38.430,1:38.430,98.430,3042.698,,,,#VALUE!,#VALUE!,,25 1:37.558,1:37.558,97.558,2981.257,,25 1:37.776,1:37.776,97.776,2994.311,,25 1:39.034,1:39.034,99.034,3047.187,,25 1:39.084,1:39.084,99.084,3042.247,,25 1:37.423,1:37.423,97.423,2990.705,,25 1:36.995,1:36.995,96.995,3036.408,,25 1:37.918,1:37.918,97.918,2978.177,,25 1:36.945,1:36.945,96.945,2984.118,,25 1:37.033,1:37.033,97.033,3038.201,,25 1:38.781,1:38.781,98.781,3021.813,,,,#VALUE!,#VALUE!,,25 1:37.073,1:37.073,97.073,3035.834,,,,#VALUE!,#VALUE!,,25 1:36.608,1:36.608,96.608,3039.963,,25 1:35.432,1:35.432,95.432,3011.87,,25 1:35.673,1:35.673,95.673,3005.319,,24,2873.601,0.000,7.351,6.658,13.572,42.837,36.045,19.681,65.812,10.098,22.934,69.562,74.552,65.160,,,70.667,67.567,49.431,69.754,
26 1:36.437,1:36.437,96.437,3066.375,,26 1:37.689,1:37.689,97.689,3076.401,,26 1:38.485,1:38.485,98.485,3141.183,,,,#VALUE!,#VALUE!,,26 P 1:40.917,1:40.917,100.917,3082.174,,26 1:37.364,1:37.364,97.364,3091.675,,26 1:38.958,1:38.958,98.958,3146.145,,26 1:38.611,1:38.611,98.611,3140.858,,26 1:37.289,1:37.289,97.289,3087.994,,26 1:37.307,1:37.307,97.307,3133.715,,26 P 1:43.175,1:43.175,103.175,3081.352,,26 1:37.137,1:37.137,97.137,3081.255,,26 1:37.145,1:37.145,97.145,3135.346,,26 1:39.042,1:39.042,99.042,3120.855,,,,#VALUE!,#VALUE!,,26 1:37.037,1:37.037,97.037,3132.871,,,,#VALUE!,#VALUE!,,26 1:36.858,1:36.858,96.858,3136.821,,26 1:35.447,1:35.447,95.447,3107.317,,26 1:35.775,1:35.775,95.775,3101.094,,25,2969.938,0.000,8.774,8.239,14.180,41.932,35.381,20.767,66.470,11.319,24.373,72.309,77.249,65.896,,,72.760,68.263,51.875,70.025,
27 1:36.654,1:36.654,96.654,3163.029,,27 1:36.843,1:36.843,96.843,3173.244,,27 1:36.590,1:36.590,96.590,3237.773,,,,#VALUE!,#VALUE!,,27 1:56.621,1:56.621,116.621,3198.795,,27 1:37.389,1:37.389,97.389,3189.064,,27 1:38.902,1:38.902,98.902,3245.047,,27 1:38.943,1:38.943,98.943,3239.801,,27 1:37.359,1:37.359,97.359,3185.353,,27 1:37.244,1:37.244,97.244,3230.959,,27 1:55.623,1:55.623,115.623,3196.975,,27 1:37.068,1:37.068,97.068,3178.323,,27 1:37.395,1:37.395,97.395,3232.741,,27 1:39.256,1:39.256,99.256,3220.111,,,,#VALUE!,#VALUE!,,27 1:37.184,1:37.184,97.184,3230.055,,,,#VALUE!,#VALUE!,,27 1:36.622,1:36.622,96.622,3233.443,,27 1:36.135,1:36.135,96.135,3203.452,,27 1:37.280,1:37.280,97.28,3198.374,,26,3066.375,0.000,10.026,14.977,14.880,40.942,34.719,21.619,67.340,15.799,25.300,74.483,79.770,66.496,,,74.808,68.971,54.480,70.446,
28 1:36.496,1:36.496,96.496,3259.525,,28 1:36.733,1:36.733,96.733,3269.977,,28 1:37.429,1:37.429,97.429,3335.202,,,,#VALUE!,#VALUE!,,28 1:35.721,1:35.721,95.721,3294.516,,28 1:37.438,1:37.438,97.438,3286.502,,28 1:38.873,1:38.873,98.873,3343.920,,28 1:38.612,1:38.612,98.612,3338.413,,28 1:37.341,1:37.341,97.341,3282.694,,28 1:37.088,1:37.088,97.088,3328.047,,28 1:36.090,1:36.090,96.09,3293.065,,28 1:36.845,1:36.845,96.845,3275.168,,28 1:37.504,1:37.504,97.504,3330.245,,28 1:39.170,1:39.170,99.17,3319.281,,,,#VALUE!,#VALUE!,,28 1:37.227,1:37.227,97.227,3327.282,,,,#VALUE!,#VALUE!,,28 1:37.472,1:37.472,97.472,3330.915,,28 1:36.295,1:36.295,96.295,3299.747,,28 1:37.564,1:37.564,97.564,3295.938,,27,3163.029,0.000,10.215,33.946,15.294,40.423,35.345,22.324,67.930,35.766,26.035,76.772,82.018,67.026,,,74.744,69.712,57.082,70.414,
29 1:36.655,1:36.655,96.655,3356.180,,29 1:36.969,1:36.969,96.969,3366.946,,29 1:37.679,1:37.679,97.679,3432.881,,,,#VALUE!,#VALUE!,,29 1:36.258,1:36.258,96.258,3390.774,,29 1:37.771,1:37.771,97.771,3384.273,,29 1:39.052,1:39.052,99.052,3442.972,,29 1:38.702,1:38.702,98.702,3437.115,,29 1:37.782,1:37.782,97.782,3380.476,,29 1:37.633,1:37.633,97.633,3425.680,,29 1:36.357,1:36.357,96.357,3389.422,,29 1:37.176,1:37.176,97.176,3372.344,,29 1:37.888,1:37.888,97.888,3428.133,,29 1:39.951,1:39.951,99.951,3419.232,,,,#VALUE!,#VALUE!,,29 1:37.319,1:37.319,97.319,3424.601,,,,#VALUE!,#VALUE!,,29 1:37.712,1:37.712,97.712,3428.627,,29 1:36.746,1:36.746,96.746,3396.493,,29 1:36.699,1:36.699,96.699,3392.637,,28,3259.525,0.000,10.452,33.540,15.643,40.222,36.413,23.169,68.522,34.991,26.977,78.888,84.395,67.757,,,75.677,70.720,59.756,71.390,
30 1:36.849,1:36.849,96.849,3453.029,,30 1:37.097,1:37.097,97.097,3464.043,,30 1:37.511,1:37.511,97.511,3530.392,,,,#VALUE!,#VALUE!,,30 1:36.243,1:36.243,96.243,3487.017,,30 1:37.946,1:37.946,97.946,3482.219,,30 1:38.894,1:38.894,98.894,3541.866,,30 1:38.499,1:38.499,98.499,3535.614,,30 1:37.643,1:37.643,97.643,3478.119,,30 1:37.361,1:37.361,97.361,3523.041,,30 1:36.225,1:36.225,96.225,3485.647,,30 1:37.010,1:37.010,97.01,3469.354,,30 1:38.014,1:38.014,98.014,3526.147,,30 1:39.183,1:39.183,99.183,3518.415,,,,#VALUE!,#VALUE!,,30 1:37.617,1:37.617,97.617,3522.218,,,,#VALUE!,#VALUE!,,30 1:38.253,1:38.253,98.253,3526.88,,30 1:36.399,1:36.399,96.399,3492.892,,30 1:36.493,1:36.493,96.493,3489.13,,29,3356.180,0.000,10.766,33.242,16.164,40.313,36.457,24.296,69.500,34.594,28.093,80.935,86.792,68.421,,,76.701,71.953,63.052,72.447,
31 1:36.761,1:36.761,96.761,3549.790,,31 1:37.118,1:37.118,97.118,3561.161,,31 1:37.495,1:37.495,97.495,3627.887,,,,#VALUE!,#VALUE!,,31 1:36.225,1:36.225,96.225,3583.242,,31 1:37.845,1:37.845,97.845,3580.064,,31 1:39.450,1:39.450,99.450,3641.316,,31 1:38.662,1:38.662,98.662,3634.276,,31 1:37.451,1:37.451,97.451,3575.570,,31 1:37.729,1:37.729,97.729,3620.770,,31 1:36.201,1:36.201,96.201,3581.848,,31 1:36.901,1:36.901,96.901,3566.255,,31 1:38.498,1:38.498,98.498,3624.645,,31 1:39.465,1:39.465,99.465,3617.88,,,,#VALUE!,#VALUE!,,31 1:37.676,1:37.676,97.676,3619.894,,,,#VALUE!,#VALUE!,,31 1:38.058,1:38.058,98.058,3624.938,,31 1:36.586,1:36.586,96.586,3589.478,,31 1:36.776,1:36.776,96.776,3585.906,,30,3453.029,0.000,11.014,32.618,16.325,39.863,36.101,25.090,70.012,33.988,29.190,82.585,88.837,69.189,,,77.363,73.118,65.386,73.851,
32 1:36.920,1:36.920,96.920,3646.710,,32 1:37.106,1:37.106,97.106,3658.267,,32 1:37.761,1:37.761,97.761,3725.648,,,,#VALUE!,#VALUE!,,32 1:36.375,1:36.375,96.375,3679.617,,32 P 1:39.482,1:39.482,99.482,3679.546,,32 P 1:41.728,1:41.728,101.728,3743.044,,32 1:38.366,1:38.366,98.366,3732.642,,32 1:37.635,1:37.635,97.635,3673.205,,32 1:38.202,1:38.202,98.202,3718.972,,32 1:36.144,1:36.144,96.144,3677.992,,32 1:37.106,1:37.106,97.106,3663.361,,32 1:38.657,1:38.657,98.657,3723.302,,32 1:40.248,1:40.248,100.248,3718.128,,,,#VALUE!,#VALUE!,,32 1:38.624,1:38.624,98.624,3718.518,,,,#VALUE!,#VALUE!,,32 1:38.748,1:38.748,98.748,3723.686,,32 1:36.601,1:36.601,96.601,3686.079,,32 1:36.744,1:36.744,96.744,3682.65,,31,3549.790,0.000,11.371,32.058,16.465,39.688,36.116,25.780,70.980,33.452,30.274,84.486,91.526,70.104,,,78.097,74.855,68.090,75.148,
33 1:37.048,1:37.048,97.048,3743.758,,33 P 1:39.409,1:39.409,99.409,3757.676,,33 1:38.166,1:38.166,98.166,3823.814,,,,#VALUE!,#VALUE!,,33 1:36.340,1:36.340,96.340,3775.957,,33 1:55.493,1:55.493,115.493,3795.039,,33 1:57.833,1:57.833,117.833,3860.877,,33 P 1:40.764,1:40.764,100.764,3833.406,,33 P 1:39.794,1:39.794,99.794,3772.999,,33 1:39.609,1:39.609,99.609,3818.581,,33 1:35.878,1:35.878,95.878,3773.87,,33 1:37.233,1:37.233,97.233,3760.594,,33 1:38.580,1:38.580,98.58,3821.882,,33 P 1:43.896,1:43.896,103.896,3822.024,,,,#VALUE!,#VALUE!,,33 1:38.692,1:38.692,98.692,3817.21,,,,#VALUE!,#VALUE!,,33 1:38.722,1:38.722,98.722,3822.408,,33 1:36.444,1:36.444,96.444,3782.523,,33 1:36.383,1:36.383,96.383,3779.033,,32,3646.710,0.000,11.557,31.282,16.651,39.369,35.940,26.495,72.262,32.907,32.836,85.932,96.334,71.808,,,78.938,76.592,71.418,76.976,
34 P 1:39.226,1:39.226,99.226,3842.984,,34 1:54.946,1:54.946,114.946,3872.622,,34 P 1:40.392,1:40.392,100.392,3924.206,,,,#VALUE!,#VALUE!,,34 1:36.262,1:36.262,96.262,3872.219,,34 1:35.255,1:35.255,95.255,3890.294,,34 1:38.671,1:38.671,98.671,3959.548,,34 1:57.831,1:57.831,117.831,3951.237,,34 1:55.043,1:55.043,115.043,3888.042,,34 P 1:39.550,1:39.550,99.550,3918.131,,34 1:36.320,1:36.320,96.32,3870.19,,34 1:36.901,1:36.901,96.901,3857.495,,34 1:37.930,1:37.930,97.93,3919.812,,34 1:57.385,1:57.385,117.385,3939.409,,,,#VALUE!,#VALUE!,,34 1:37.793,1:37.793,97.793,3915.003,,,,#VALUE!,#VALUE!,,34 1:38.003,1:38.003,98.003,3920.411,,34 1:36.707,1:36.707,96.707,3879.23,,34 1:36.704,1:36.704,96.704,3875.737,,33,3743.758,0.000,13.918,30.112,16.836,38.765,35.275,29.241,74.823,32.199,51.281,89.648,117.119,73.452,,,80.056,78.124,78.266,78.650,
35 1:55.503,1:55.503,115.503,3958.487,,35 1:33.945,1:33.945,93.945,3966.567,,35 1:56.181,1:56.181,116.181,4040.387,,,,#VALUE!,#VALUE!,,35 1:36.614,1:36.614,96.614,3968.833,,35 1:34.802,1:34.802,94.802,3985.096,,35 1:37.656,1:37.656,97.656,4057.204,,35 1:37.126,1:37.126,97.126,4048.363,,35 1:35.771,1:35.771,95.771,3983.813,,35 1:53.728,1:53.728,113.728,4031.859,,35 1:36.056,1:36.056,96.056,3966.246,,35 1:36.948,1:36.948,96.948,3954.443,,35 1:38.046,1:38.046,98.046,4017.858,,35 1:35.937,1:35.937,95.937,4035.346,,,,#VALUE!,#VALUE!,,35 1:37.626,1:37.626,97.626,4012.629,,,,#VALUE!,#VALUE!,,35 1:38.007,1:38.007,98.007,4018.418,,35 1:36.514,1:36.514,96.514,3975.744,,35 1:36.470,1:36.470,96.47,3972.207,,34,3842.984,0.000,29.638,27.206,14.511,36.246,32.753,45.058,75.147,29.235,47.310,108.253,116.564,72.019,,,81.222,76.828,96.425,77.427,
36 1:34.619,1:34.619,94.619,4053.106,,36 1:34.479,1:34.479,94.479,4061.046,,36 1:35.497,1:35.497,95.497,4135.884,,,,#VALUE!,#VALUE!,,36 1:35.896,1:35.896,95.896,4064.729,,36 1:35.128,1:35.128,95.128,4080.224,,36 1:37.283,1:37.283,97.283,4154.487,,36 1:36.983,1:36.983,96.983,4145.346,,36 1:35.353,1:35.353,95.353,4079.166,,36 1:35.973,1:35.973,95.973,4127.832,,36 1:36.681,1:36.681,96.681,4062.927,,36 P 1:39.310,1:39.310,99.31,4053.753,,36 1:38.078,1:38.078,98.078,4115.936,,36 1:35.858,1:35.858,95.858,4131.204,,,,#VALUE!,#VALUE!,,36 1:37.103,1:37.103,97.103,4109.732,,,,#VALUE!,#VALUE!,,36 1:38.257,1:38.257,98.257,4116.675,,36 1:36.191,1:36.191,96.191,4071.935,,36 1:36.468,1:36.468,96.468,4068.675,,35,3958.487,0.000,8.080,7.759,-4.044,17.257,13.720,25.326,73.372,10.346,26.609,89.876,98.717,54.142,,,81.900,59.371,76.859,59.931,
37 1:34.970,1:34.970,94.970,4148.076,,37 1:34.808,1:34.808,94.808,4155.854,,37 1:36.103,1:36.103,96.103,4231.987,,,,#VALUE!,#VALUE!,,37 1:36.412,1:36.412,96.412,4161.141,,37 1:35.400,1:35.400,95.4,4175.624,,37 1:38.426,1:38.426,98.426,4252.913,,37 1:38.763,1:38.763,98.763,4244.109,,37 1:35.381,1:35.381,95.381,4174.547,,37 1:36.284,1:36.284,96.284,4224.116,,37 1:36.135,1:36.135,96.135,4159.062,,37 1:55.063,1:55.063,115.063,4168.816,,37 1:37.662,1:37.662,97.662,4213.598,,37 1:35.933,1:35.933,95.933,4227.137,,,,#VALUE!,#VALUE!,,37 1:37.419,1:37.419,97.419,4207.151,,,,#VALUE!,#VALUE!,,37 1:37.602,1:37.602,97.602,4214.277,,37 1:36.622,1:36.622,96.622,4168.557,,37 P 1:38.830,1:38.830,98.83,4167.505,,36,4053.106,0.000,7.940,9.821,0.647,18.829,15.569,26.060,74.726,11.623,27.118,92.240,101.381,56.626,,,82.778,62.830,78.098,63.569,
38 1:34.986,1:34.986,94.986,4243.062,,38 1:35.245,1:35.245,95.245,4251.099,,38 1:36.149,1:36.149,96.149,4328.136,,,,#VALUE!,#VALUE!,,38 1:35.883,1:35.883,95.883,4257.024,,38 1:35.267,1:35.267,95.267,4270.891,,38 1:36.756,1:36.756,96.756,4349.669,,38 1:36.714,1:36.714,96.714,4340.823,,38 1:35.487,1:35.487,95.487,4270.034,,38 1:36.356,1:36.356,96.356,4320.472,,38 1:36.029,1:36.029,96.029,4255.091,,38 1:33.995,1:33.995,93.995,4262.811,,38 1:37.789,1:37.789,97.789,4311.387,,38 1:36.130,1:36.130,96.13,4323.267,,,,#VALUE!,#VALUE!,,38 1:37.442,1:37.442,97.442,4304.593,,,,#VALUE!,#VALUE!,,38 1:38.000,1:38.000,98,4312.277,,38 1:37.458,1:37.458,97.458,4266.015,,38 1:53.925,1:53.925,113.925,4281.43,,37,4148.076,0.000,7.778,10.986,20.740,20.481,19.429,26.471,76.040,13.065,27.548,96.033,104.837,59.075,,,83.911,65.522,79.061,66.201,
39 1:34.494,1:34.494,94.494,4337.556,,39 1:34.990,1:34.990,94.990,4346.089,,39 1:36.250,1:36.250,96.250,4424.386,,,,#VALUE!,#VALUE!,,39 1:35.706,1:35.706,95.706,4352.730,,39 1:36.036,1:36.036,96.036,4366.927,,39 1:40.223,1:40.223,100.223,4449.892,,39 1:37.058,1:37.058,97.058,4437.881,,39 1:35.970,1:35.970,95.970,4366.004,,39 1:36.614,1:36.614,96.614,4417.086,,39 1:35.693,1:35.693,95.693,4350.784,,39 1:34.419,1:34.419,94.419,4357.23,,39 1:37.553,1:37.553,97.553,4408.94,,39 1:35.853,1:35.853,95.853,4419.12,,,,#VALUE!,#VALUE!,,39 1:37.595,1:37.595,97.595,4402.188,,,,#VALUE!,#VALUE!,,39 1:37.232,1:37.232,97.232,4409.509,,39 P 1:39.030,1:39.030,99.03,4365.045,,39 1:34.404,1:34.404,94.404,4375.834,,38,4243.062,0.000,8.037,12.029,19.749,22.953,38.368,26.972,77.410,13.962,27.829,97.761,106.607,61.531,,,85.074,68.325,80.205,69.215,
40 1:34.343,1:34.343,94.343,4431.899,,40 1:34.738,1:34.738,94.738,4440.827,,40 1:36.282,1:36.282,96.282,4520.668,,,,#VALUE!,#VALUE!,,40 1:36.249,1:36.249,96.249,4448.979,,40 1:35.888,1:35.888,95.888,4462.815,,40 1:38.072,1:38.072,98.072,4547.964,,40 1:37.580,1:37.580,97.580,4535.461,,40 1:35.808,1:35.808,95.808,4461.812,,40 1:35.844,1:35.844,95.844,4512.930,,40 1:36.341,1:36.341,96.341,4447.125,,40 1:34.396,1:34.396,94.396,4451.626,,40 1:37.542,1:37.542,97.542,4506.482,,40 1:35.705,1:35.705,95.705,4514.825,,,,#VALUE!,#VALUE!,,40 1:37.441,1:37.441,97.441,4499.629,,,,#VALUE!,#VALUE!,,40 1:37.858,1:37.858,97.858,4507.367,,40 1:54.409,1:54.409,114.409,4479.454,,40 1:34.537,1:34.537,94.537,4470.371,,39,4337.556,0.000,8.533,13.228,19.674,27.489,38.278,28.448,79.530,15.174,29.371,100.325,112.336,64.632,,,86.830,71.384,81.564,71.953,
41 1:34.273,1:34.273,94.273,4526.172,,41 1:35.030,1:35.030,95.030,4535.857,,41 P 2:23.782,2:23.782,143.782,4664.450,,,,#VALUE!,#VALUE!,,41 1:35.229,1:35.229,95.229,4544.208,,41 1:35.545,1:35.545,95.545,4558.36,,41 1:37.477,1:37.477,97.477,4645.441,,41 1:39.008,1:39.008,99.008,4634.469,,41 1:35.574,1:35.574,95.574,4557.386,,41 1:35.798,1:35.798,95.798,4608.728,,41 1:35.451,1:35.451,95.451,4542.576,,41 1:34.863,1:34.863,94.863,4546.489,,41 1:37.513,1:37.513,97.513,4603.995,,41 1:35.947,1:35.947,95.947,4610.772,,,,#VALUE!,#VALUE!,,41 1:37.297,1:37.297,97.297,4596.926,,,,#VALUE!,#VALUE!,,41 1:37.312,1:37.312,97.312,4604.679,,41 1:33.952,1:33.952,93.952,4573.406,,41 1:34.541,1:34.541,94.541,4564.912,,40,4431.899,0.000,8.928,15.226,19.727,47.555,38.472,29.913,81.031,17.080,30.916,103.562,116.065,67.730,,,88.769,74.583,82.926,75.468,
42 1:34.965,1:34.965,94.965,4621.137,,42 1:35.433,1:35.433,95.433,4631.290,,42 1:55.171,1:55.171,115.171,4779.621,,,,#VALUE!,#VALUE!,,42 1:36.217,1:36.217,96.217,4640.425,,42 1:37.548,1:37.548,97.548,4655.908,,42 1:37.014,1:37.014,97.014,4742.455,,42 1:37.129,1:37.129,97.129,4731.598,,42 1:37.292,1:37.292,97.292,4654.678,,42 1:36.556,1:36.556,96.556,4705.284,,42 1:35.797,1:35.797,95.797,4638.373,,42 1:35.293,1:35.293,95.293,4641.782,,42 1:37.968,1:37.968,97.968,4701.963,,42 1:36.374,1:36.374,96.374,4707.146,,,,#VALUE!,#VALUE!,,42 1:37.493,1:37.493,97.493,4694.419,,,,#VALUE!,#VALUE!,,42 1:38.001,1:38.001,98.001,4702.68,,42 1:34.238,1:34.238,94.238,4667.644,,42 1:35.299,1:35.299,95.299,4660.211,,41,4526.172,0.000,9.685,16.404,20.317,47.234,38.740,31.214,82.556,18.036,32.188,108.297,119.269,70.754,,,138.278,77.823,84.600,78.507,
43 1:34.303,1:34.303,94.303,4715.440,,43 1:35.099,1:35.099,95.099,4726.389,,43 1:34.900,1:34.900,94.900,4874.521,,,,#VALUE!,#VALUE!,,43 1:35.920,1:35.920,95.920,4736.345,,43 1:35.841,1:35.841,95.841,4751.749,,43 1:36.799,1:36.799,96.799,4839.254,,43 1:37.478,1:37.478,97.478,4829.076,,43 1:36.092,1:36.092,96.092,4750.770,,43 1:36.503,1:36.503,96.503,4801.787,,43 1:35.713,1:35.713,95.713,4734.086,,43 1:34.750,1:34.750,94.75,4736.532,,43 1:37.376,1:37.376,97.376,4799.339,,43 1:36.151,1:36.151,96.151,4803.297,,,,#VALUE!,#VALUE!,,43 1:37.498,1:37.498,97.498,4791.917,,,,#VALUE!,#VALUE!,,43 1:37.444,1:37.444,97.444,4800.124,,43 1:34.082,1:34.082,94.082,4761.726,,43 1:35.141,1:35.141,95.141,4755.352,,42,4621.137,0.000,10.153,17.236,20.645,46.507,39.074,33.541,84.147,19.288,34.771,110.461,121.318,73.282,,,158.484,80.826,86.009,81.543,
44 1:34.455,1:34.455,94.455,4809.895,,44 1:34.701,1:34.701,94.701,4821.090,,44 1:35.087,1:35.087,95.087,4969.608,,,,#VALUE!,#VALUE!,,44 1:36.391,1:36.391,96.391,4832.736,,44 1:35.539,1:35.539,95.539,4847.288,,44 1:37.201,1:37.201,97.201,4936.455,,44 1:40.961,1:40.961,100.961,4930.037,,44 1:35.615,1:35.615,95.615,4846.385,,44 1:36.485,1:36.485,96.485,4898.272,,44 1:35.685,1:35.685,95.685,4829.771,,44 1:34.336,1:34.336,94.336,4830.868,,44 1:37.475,1:37.475,97.475,4896.814,,44 1:36.769,1:36.769,96.769,4900.066,,,,#VALUE!,#VALUE!,,44 1:37.329,1:37.329,97.329,4889.246,,,,#VALUE!,#VALUE!,,44 1:37.507,1:37.507,97.507,4897.631,,44 1:34.337,1:34.337,94.337,4856.063,,44 1:34.834,1:34.834,94.834,4850.186,,43,4715.440,0.000,10.949,18.646,21.092,46.286,39.912,35.330,86.347,20.905,36.309,113.636,123.814,76.477,,,159.081,83.899,87.857,84.684,
45 1:34.606,1:34.606,94.606,4904.501,,45 1:34.996,1:34.996,94.996,4916.086,,45 1:35.350,1:35.350,95.350,5064.958,,,,#VALUE!,#VALUE!,,45 1:36.224,1:36.224,96.224,4928.960,,45 1:35.648,1:35.648,95.648,4942.936,,45 1:36.942,1:36.942,96.942,5033.397,,45 1:36.983,1:36.983,96.983,5027.020,,45 1:35.636,1:35.636,95.636,4942.021,,45 1:36.806,1:36.806,96.806,4995.078,,45 1:35.739,1:35.739,95.739,4925.51,,45 1:35.006,1:35.006,95.006,4925.874,,45 1:37.674,1:37.674,97.674,4994.488,,45 1:36.808,1:36.808,96.808,4996.874,,,,#VALUE!,#VALUE!,,45 1:37.250,1:37.250,97.25,4986.496,,,,#VALUE!,#VALUE!,,45 1:38.734,1:38.734,98.734,4996.365,,45 1:34.791,1:34.791,94.791,4950.854,,45 1:34.913,1:34.913,94.913,4945.099,,44,4809.895,0.000,11.195,19.876,20.973,46.168,40.291,36.490,88.377,22.841,37.393,120.142,126.560,79.351,,,159.713,86.919,90.171,87.736,
46 1:34.610,1:34.610,94.610,4999.111,,46 1:34.750,1:34.750,94.750,5010.836,,46 1:35.778,1:35.778,95.778,5160.736,,,,#VALUE!,#VALUE!,,46 1:35.635,1:35.635,95.635,5024.595,,46 1:35.755,1:35.755,95.755,5038.691,,46 1:36.997,1:36.997,96.997,5130.394,,46 1:37.091,1:37.091,97.091,5124.111,,46 1:35.827,1:35.827,95.827,5037.848,,46 1:36.350,1:36.350,96.350,5091.428,,46 1:36.778,1:36.778,96.778,5022.288,,46 1:33.841,1:33.841,93.841,5019.715,,46 1:38.332,1:38.332,98.332,5092.82,,46 1:38.169,1:38.169,98.169,5095.043,,,,#VALUE!,#VALUE!,,46 1:37.046,1:37.046,97.046,5083.542,,,,#VALUE!,#VALUE!,,46 1:39.966,1:39.966,99.966,5096.331,,46 1:34.798,1:34.798,94.798,5045.652,,46 1:35.115,1:35.115,95.115,5040.214,,45,4904.501,0.000,11.585,21.009,21.373,46.353,40.598,37.520,90.577,24.459,38.435,122.519,128.896,81.995,,,160.457,89.987,92.373,91.864,
47 1:35.113,1:35.113,95.113,5094.224,,47 1:35.056,1:35.056,95.056,5105.892,,47 1:35.701,1:35.701,95.701,5256.437,,,,#VALUE!,#VALUE!,,47 1:35.633,1:35.633,95.633,5120.228,,47 1:35.891,1:35.891,95.891,5134.582,,47 1:36.759,1:36.759,96.759,5227.153,,47 1:37.381,1:37.381,97.381,5221.492,,47 1:35.862,1:35.862,95.862,5133.710,,47 1:36.704,1:36.704,96.704,5188.132,,47 1:35.922,1:35.922,95.922,5118.21,,47 1:35.063,1:35.063,95.063,5114.778,,47 1:38.707,1:38.707,98.707,5191.527,,47 1:36.827,1:36.827,96.827,5191.87,,,,#VALUE!,#VALUE!,,47 1:37.106,1:37.106,97.106,5180.648,,,,#VALUE!,#VALUE!,,47 1:37.900,1:37.900,97.9,5194.231,,47 1:34.679,1:34.679,94.679,5140.331,,47 1:35.317,1:35.317,95.317,5135.531,,46,4999.111,0.000,11.725,23.177,20.604,46.541,41.103,38.737,92.317,25.484,39.580,125.000,131.283,84.431,,,161.625,93.709,95.932,97.220,
48 1:35.750,1:35.750,95.750,5189.974,,48 1:35.383,1:35.383,95.383,5201.275,,48 1:35.837,1:35.837,95.837,5352.274,,,,#VALUE!,#VALUE!,,48 1:35.677,1:35.677,95.677,5215.905,,48 1:35.898,1:35.898,95.898,5230.48,,48 1:36.642,1:36.642,96.642,5323.795,,48 1:36.836,1:36.836,96.836,5318.328,,48 1:35.861,1:35.861,95.861,5229.571,,48 1:38.033,1:38.033,98.033,5286.165,,48 1:35.502,1:35.502,95.502,5213.712,,48 1:34.962,1:34.962,94.962,5209.74,,48 1:38.319,1:38.319,98.319,5289.846,,48 1:35.733,1:35.733,95.733,5287.603,,,,#VALUE!,#VALUE!,,48 1:37.038,1:37.038,97.038,5277.686,,,,#VALUE!,#VALUE!,,48 1:37.206,1:37.206,97.206,5291.437,,48 1:34.900,1:34.900,94.9,5235.231,,48 1:35.423,1:35.423,95.423,5230.954,,47,5094.224,0.000,11.668,23.986,20.554,46.107,41.307,39.486,93.908,26.004,40.358,127.268,132.929,86.424,,,162.213,97.303,97.646,100.007,
49 1:34.885,1:34.885,94.885,5284.859,,49 1:35.035,1:35.035,95.035,5296.310,,49 1:35.619,1:35.619,95.619,5447.893,,,,#VALUE!,#VALUE!,,49 1:35.354,1:35.354,95.354,5311.259,,49 1:36.179,1:36.179,96.179,5326.659,,49 1:38.650,1:38.650,98.650,5422.445,,49 1:36.691,1:36.691,96.691,5415.019,,49 1:35.831,1:35.831,95.831,5325.402,,49 1:36.381,1:36.381,96.381,5382.546,,49 1:35.543,1:35.543,95.543,5309.255,,49 1:34.752,1:34.752,94.752,5304.492,,49 1:37.519,1:37.519,97.519,5387.365,,49 1:36.235,1:36.235,96.235,5383.838,,,,#VALUE!,#VALUE!,,49 1:36.557,1:36.557,96.557,5374.243,,,,#VALUE!,#VALUE!,,49 1:36.944,1:36.944,96.944,5388.381,,49 1:35.047,1:35.047,95.047,5330.278,,49 1:36.024,1:36.024,96.024,5326.978,,48,5189.974,0.000,11.301,23.738,19.766,45.257,40.980,39.597,96.191,25.931,40.506,128.354,133.821,87.712,,,162.300,99.872,97.629,101.463,
50 1:33.706,1:33.706,93.706,5378.565,,50 1:35.244,1:35.244,95.244,5391.554,,50 1:35.490,1:35.490,95.490,5543.383,,,,#VALUE!,#VALUE!,,50 1:35.268,1:35.268,95.268,5406.527,,50 1:36.228,1:36.228,96.228,5422.887,,50 1:40.961,1:40.961,100.961,5523.406,,50 1:36.636,1:36.636,96.636,5511.655,,50 1:36.008,1:36.008,96.008,5421.410,,50 1:36.165,1:36.165,96.165,5478.711,,50 1:35.274,1:35.274,95.274,5404.529,,50 1:34.636,1:34.636,94.636,5399.128,,50 1:37.420,1:37.420,97.42,5484.785,,50 1:35.718,1:35.718,95.718,5479.556,,,,,,,50 1:36.388,1:36.388,96.388,5470.631,,,,,,,50 1:39.195,1:39.195,99.195,5487.576,,50 1:35.430,1:35.430,95.43,5425.708,,50 1:36.465,1:36.465,96.465,5423.443,,49,5284.859,0.000,11.451,24.396,19.633,45.419,42.119,40.543,97.687,26.400,41.800,130.160,137.586,89.384,,,163.034,102.506,98.979,103.522,
51 1:34.768,1:34.768,94.768,5473.333,,51 1:34.890,1:34.890,94.890,5486.444,,51 1:35.233,1:35.233,95.233,5638.616,,,,,,,51 1:35.186,1:35.186,95.186,5501.713,,51 1:35.429,1:35.429,95.429,5518.316,,51 1:37.721,1:37.721,97.721,5621.127,,51 1:36.831,1:36.831,96.831,5608.486,,51 1:36.069,1:36.069,96.069,5517.479,,51 1:36.270,1:36.270,96.270,5574.981,,51 1:35.199,1:35.199,95.199,5499.728,,51 1:34.877,1:34.877,94.877,5494.005,,51 1:38.878,1:38.878,98.878,5583.663,,51 1:35.853,1:35.853,95.853,5575.409,,,,,,,51 1:36.342,1:36.342,96.342,5566.973,,,,,,,51 1:37.156,1:37.156,97.156,5584.732,,51 1:35.476,1:35.476,95.476,5521.184,,51 1:35.429,1:35.429,95.429,5518.872,,50,5378.565,0.000,12.989,25.964,20.563,47.143,44.878,42.845,100.146,27.962,44.322,133.090,144.841,92.066,,,164.818,106.220,100.991,109.011,
52 1:34.970,1:34.970,94.970,5568.303,,52 1:34.929,1:34.929,94.929,5581.373,,52 1:37.715,1:37.715,97.715,5736.331,,,,,,,52 1:35.832,1:35.832,95.832,5597.545,,52 1:36.164,1:36.164,96.164,5614.48,,52 1:37.505,1:37.505,97.505,5718.632,,52 1:36.232,1:36.232,96.232,5704.718,,52 1:35.633,1:35.633,95.633,5613.112,,52 1:39.818,1:39.818,99.818,5674.799,,52 1:35.316,1:35.316,95.316,5595.044,,52 1:35.203,1:35.203,95.203,5589.208,,52 1:37.822,1:37.822,97.822,5681.485,,52 1:35.325,1:35.325,95.325,5670.734,,,,,,,52 1:38.195,1:38.195,98.195,5665.168,,,,,,,52 1:37.727,1:37.727,97.727,5682.459,,52 1:35.235,1:35.235,95.235,5616.419,,52 1:35.743,1:35.743,95.743,5614.615,,51,5473.333,0.000,13.111,26.395,20.672,47.851,45.539,44.146,101.648,28.380,44.983,135.153,147.794,93.640,,,165.283,110.330,102.076,111.399,
53 1:35.263,1:35.263,95.263,5663.566,,53 1:34.728,1:34.728,94.728,5676.101,,,,,,,,,,,,53 1:35.721,1:35.721,95.721,5693.266,,53 1:36.611,1:36.611,96.611,5711.091,,,,,,,,,,,,53 1:34.726,1:34.726,94.726,5707.838,,,,,,,53 1:35.044,1:35.044,95.044,5690.088,,53 1:35.224,1:35.224,95.224,5684.432,,,,,,,,,,,,,,,,,,,,,,,,,,,,,,,,53 1:35.773,1:35.773,95.773,5712.192,,53 1:34.902,1:34.902,94.902,5709.517,,52,5568.303,0.000,13.070,26.741,20.905,48.116,46.312,44.809,106.496,29.242,46.177,136.415,150.329,96.865,,,168.028,113.182,102.431,114.156,
,,,,,,,,,,,,,,,,,,,,,,,,,,,,,,,,,,,,,,,,,,,,,,,,,,,,,,,,,,,,,,,,,,,,,,,,,,,,,,,,,,,,,,,,,,,,,,,,,,,,53,5663.566,0.000,12.535,26.522,20.866,48.626,45.951,44.272,,29.700,47.525,,,,,,,,,,
,,,,,,,,,,,,,,,,,,,,,,,,,,,,,,,,,,,,,,,,,,,,,,,,,,,,,,,,,,,,,,,,,,,,,,,,,,,,,,,,,,,,,,,,,,,,,,,,,,,,,,,,,,,,,,,,,,,,,,,,,
,,106.860,,,,,,,,,,,,,,,,,,,,,,,,,,,,,,,,,,,,,,,,,,,,,,,,,,,,,,,,,,,,,,,,,,,,,,,,,,,,,,,,,,,,,,,,,,,,,,,,,,,,,,,,,,,,,,,,,,,,,,,
,,,,,,,,,,,,,,,,,,,,,,,,,,,,,,,,,,,,,,,,,,,,,,,,,,,,,,,,,,,,,,,,,,,,,,,,,,,,,,,,,,,,,,,,,,,,,,,,,,,,,,,,,,,,,,,,,,,,,,,,,
,,,,,,,,,,,,,,,,,,,,,,,,,,,,,,,,,,,,,,,,,,,,,,,,,,,,,,,,,,,,,,,,,,,,,,,,,,,,,,,,,,,,,,,,,,,,,,,,,,,,,,,,,,,,,,,,,,,,,,,,,
,,,,,,,,,,,,,,,,,,,,,,,,,,,,,,,,,,,,,,,,,,,,,,,,,,,,,,,,,,,,,,,,,,,,,,,,,,,,,,,,,,,,,,,,,,,,,,,,,,,,,,,,,,,,,,,,,,,,,,,,,
,,,,,,,,,,,,,,,,,,,,,,,,,,,,,,,,,,,,,,,,,,,,,,,,,,,,,,,,,,,,,,,,,,,,,,,,,,,,,,,,,,,,,,,,,,,,,,,,,,,,,,,,,,,,,,,,,,,,,,,,,
,,,,,,,,,,,,,,,,,,,,,,,,,,,,,,,,,,,,,,,,,,,,,,,,,,,,,,,,,,,,,,,,,,,,,,,,,,,,,,,,,,,,,,,,,,,,,,,,,,,,,,,,,,,,,,,,,,,,,,,,,
,,,,,,,,,,,,,,,,,,,,,,,,,,,,,,,,,,,,,,,,,,,,,,,,,,,,,,,,,,,,,,,,,,,,,,,,,,,,,,,,,,,,,,,,,,,,,,,,,,,,,,,,,,,,,,,,,,,,,,,,,
,,,,,,,,,,,,,,,,,,,,,,,,,,,,,,,,,,,,,,,,,,,,,,,,,,,,,,,,,,,,,,,,,,,,,,,,,,,,,,,,,,,,,,,,,,,,,,,,,,,,,,,,,,,,,,,,,,,,,,,,,
,,,,,,,,,,,,,,,,,,,,,,,,,,,,,,,,,,,,,,,,,,,,,,,,,,,,,,,,,,,,,,,,,,,,,,,,,,,,,,,,,,,,,,,,,,,,,,,,,,,,,,,,,,,,,,,,,,,,,,,,,
,,,,,,,,,,,,,,,,,,,,,,,,,,,,,,,,,,,,,,,,,,,,,,,,,,,,,,,,,,,,,,,,,,,,,,,,,,,,,,,,,,,,,,,,,,,,,,,,,,,,,,,,,,,,,,,,,,,,,,,,,
,,,,,,,,,,,,,,,,,,,,,,,,,,,,,,,,,,,,,,,,,,,,,,,,,,,,,,,,,,,,,,,,,,,,,,,,,,,,,,,,,,,,,,,,,,,,,,,,,,,,,,,,,,,,,,,,,,,,,,,,,
,,,,,,,,,,,,,,,,,,,,,,,,,,,,,,,,,,,,,,,,,,,,,,,,,,,,,,,,,,,,,,,,,,,,,,,,,,,,,,,,,,,,,,,,,,,,,,,,,,,,,,,,,,,,,,,,,,,,,,,,,
,,,,,,,,,,,,,,,,,,,,,,,,,,,,,,,,,,,,,,,,,,,,,,,,,,,,,,,,,,,,,,,,,,,,,,,,,,,,,,,,,,,,,,,,,,,,,,,,,,,,,,,,,,,,,,,,,,,,,,,,,
,,,,,,,,,,,,,,,,,,,,,,,,,,,,,,,,,,,,,,,,,,,,,,,,,,,,,,,,,,,,,,,,,,,,,,,,,,,,,,,,,,,,,,,,,,,,,,,,,,,,,,,,,,,,,,,,,,,,,,,,,
,,,,,,,,,,,,,,,,,,,,,,,,,,,,,,,,,,,,,,,,,,,,,,,,,,,,,,,,,,,,,,,,,,,,,,,,,,,,,,,,,,,,,,,,,,,,,,,,,,,,,,,,,,,,,,,,,,,,,,,,,
,,,,,,,,,,,,,,,,,,,,,,,,,,,,,,,,,,,,,,,,,,,,,,,,,,,,,,,,,,,,,,,,,,,,,,,,,,,,,,,,,,,,,,,,,,,,,,,,,,,,,,,,,,,,,,,,,,,,,,,,,
,,,,,,,,,,,,,,,,,,,,,,,,,,,,,,,,,,,,,,,,,,,,,,,,,,,,,,,,,,,,,,,,,,,,,,,,,,,,,,,,,,,,,,,,,,,,,,,,,,,,,,,,,,,,,,,,,,,,,,,,,
,,,,,,,,,,,,,,,,,,,,,,,,,,,,,,,,,,,,,,,,,,,,,,,,,,,,,,,,,,,,,,,,,,,,,,,,,,,,,,,,,,,,,,,,,,,,,,,,,,,,,,,,,,,,,,,,,,,,,,,,,
,,,,,,,,,,,,,,,,,,,,,,,,,,,,,,,,,,,,,,,,,,,,,,,,,,,,,,,,,,,,,,,,,,,,,,,,,,,,,,,,,,,,,,,,,,,,,,,,,,,,,,,,,,,,,,,,,,,,,,,,,
,,,,,,,,,,,,,,,,,,,,,,,,,,,,,,,,,,,,,,,,,,,,,,,,,,,,,,,,,,,,,,,,,,,,,,,,,,,,,,,,,,,,,,,,,,,,,,,,,,,,,,,,,,,,,,,,,,,,,,,,,
,,,,,,,,,,,,,,,,,,,,,,,,,,,,,,,,,,,,,,,,,,,,,,,,,,,,,,,,,,,,,,,,,,,,,,,,,,,,,,,,,,,,,,,,,,,,,,,,,,,,,,,,,,,,,,,,,,,,,,,,,
,,,,,,,,,,,,,,,,,,,,,,,,,,,,,,,,,,,,,,,,,,,,,,,,,,,,,,,,,,,,,,,,,,,,,,,,,,,,,,,,,,,,,,,,,,,,,,,,,,,,,,,,,,,,,,,,,,,,,,,,,
,,,,,,,,,,,,,,,,,,,,,,,,,,,,,,,,,,,,,,,,,,,,,,,,,,,,,,,,,,,,,,,,,,,,,,,,,,,,,,,,,,,,,,,,,,,,,,,,,,,,,,,,,,,,,,,,,,,,,,,,,
,,,,,,,,,,,,,,,,,,,,,,,,,,,,,,,,,,,,,,,,,,,,,,,,,,,,,,,,,,,,,,,,,,,,,,,,,,,,,,,,,,,,,,,,,,,,,,,,,,,,,,,,,,,,,,,,,,,,,,,,,
,,,,,,,,,,,,,,,,,,,,,,,,,,,,,,,,,,,,,,,,,,,,,,,,,,,,,,,,,,,,,,,,,,,,,,,,,,,,,,,,,,,,,,,,,,,,,,,,,,,,,,,,,,,,,,,,,,,,,,,,,
,,,,,,,,,,,,,,,,,,,,,,,,,,,,,,,,,,,,,,,,,,,,,,,,,,,,,,,,,,,,,,,,,,,,,,,,,,,,,,,,,,,,,,,,,,,,,,,,,,,,,,,,,,,,,,,,,,,,,,,,,
,,,,,,,,,,,,,,,,,,,,,,,,,,,,,,,,,,,,,,,,,,,,,,,,,,,,,,,,,,,,,,,,,,,,,,,,,,,,,,,,,,,,,,,,,,,,,,,,,,,,,,,,,,,,,,,,,,,,,,,,,
,,,,,,,,,,,,,,,,,,,,,,,,,,,,,,,,,,,,,,,,,,,,,,,,,,,,,,,,,,,,,,,,,,,,,,,,,,,,,,,,,,,,,,,,,,,,,,,,,,,,,,,,,,,,,,,,,,,,,,,,,
,,,,,,,,,,,,,,,,,,,,,,,,,,,,,,,,,,,,,,,,,,,,,,,,,,,,,,,,,,,,,,,,,,,,,,,,,,,,,,,,,,,,,,,,,,,,,,,,,,,,,,,,,,,,,,,,,,,,,,,,,
,,,,,,,,,,,,,,,,,,,,,,,,,,,,,,,,,,,,,,,,,,,,,,,,,,,,,,,,,,,,,,,,,,,,,,,,,,,,,,,,,,,,,,,,,,,,,,,,,,,,,,,,,,,,,,,,,,,,,,,,,
,,,,,,,,,,,,,,,,,,,,,,,,,,,,,,,,,,,,,,,,,,,,,,,,,,,,,,,,,,,,,,,,,,,,,,,,,,,,,,,,,,,,,,,,,,,,,,,,,,,,,,,,,,,,,,,,,,,,,,,,,
,,,,,,,,,,,,,,,,,,,,,,,,,,,,,,,,,,,,,,,,,,,,,,,,,,,,,,,,,,,,,,,,,,,,,,,,,,,,,,,,,,,,,,,,,,,,,,,,,,,,,,,,,,,,,,,,,,,,,,,,,
,,,,,,,,,,,,,,,,,,,,,,,,,,,,,,,,,,,,,,,,,,,,,,,,,,,,,,,,,,,,,,,,,,,,,,,,,,,,,,,,,,,,,,,,,,,,,,,,,,,,,,,,,,,,,,,,,,,,,,,,,
,,,,,,,,,,,,,,,,,,,,,,,,,,,,,,,,,,,,,,,,,,,,,,,,,,,,,,,,,,,,,,,,,,,,,,,,,,,,,,,,,,,,,,,,,,,,,,,,,,,,,,,,,,,,,,,,,,,,,,,,,
,,,,,,,,,,,,,,,,,,,,,,,,,,,,,,,,,,,,,,,,,,,,,,,,,,,,,,,,,,,,,,,,,,,,,,,,,,,,,,,,,,,,,,,,,,,,,,,,,,,,,,,,,,,,,,,,,,,,,,,,,
,,,,,,,,,,,,,,,,,,,,,,,,,,,,,,,,,,,,,,,,,,,,,,,,,,,,,,,,,,,,,,,,,,,,,,,,,,,,,,,,,,,,,,,,,,,,,,,,,,,,,,,,,,,,,,,,,,,,,,,,,
,,,,,,,,,,,,,,,,,,,,,,,,,,,,,,,,,,,,,,,,,,,,,,,,,,,,,,,,,,,,,,,,,,,,,,,,,,,,,,,,,,,,,,,,,,,,,,,,,,,,,,,,,,,,,,,,,,,,,,,,,
,,,,,,,,,,,,,,,,,,,,,,,,,,,,,,,,,,,,,,,,,,,,,,,,,,,,,,,,,,,,,,,,,,,,,,,,,,,,,,,,,,,,,,,,,,,,,,,,,,,,,,,,,,,,,,,,,,,,,,,,,
,,,,,,,,,,,,,,,,,,,,,,,,,,,,,,,,,,,,,,,,,,,,,,,,,,,,,,,,,,,,,,,,,,,,,,,,,,,,,,,,,,,,,,,,,,,,,,,,,,,,,,,,,,,,,,,,,,,,,,,,,
,,,,,,,,,,,,,,,,,,,,,,,,,,,,,,,,,,,,,,,,,,,,,,,,,,,,,,,,,,,,,,,,,,,,,,,,,,,,,,,,,,,,,,,,,,,,,,,,,,,,,,,,,,,,,,,,,,,,,,,,,
,,,,,,,,,,,,,,,,,,,,,,,,,,,,,,,,,,,,,,,,,,,,,,,,,,,,,,,,,,,,,,,,,,,,,,,,,,,,,,,,,,,,,,,,,,,,,,,,,,,,,,,,,,,,,,,,,,,,,,,,,
,,,,,,,,,,,,,,,,,,,,,,,,,,,,,,,,,,,,,,,,,,,,,,,,,,,,,,,,,,,,,,,,,,,,,,,,,,,,,,,,,,,,,,,,,,,,,,,,,,,,,,,,,,,,,,,,,,,,,,,,,
,,,,,,,,,,,,,,,,,,,,,,,,,,,,,,,,,,,,,,,,,,,,,,,,,,,,,,,,,,,,,,,,,,,,,,,,,,,,,,,,,,,,,,,,,,,,,,,,,,,,,,,,,,,,,,,,,,,,,,,,,
,,,,,,,,,,,,,,,,,,,,,,,,,,,,,,,,,,,,,,,,,,,,,,,,,,,,,,,,,,,,,,,,,,,,,,,,,,,,,,,,,,,,,,,,,,,,,,,,,,,,,,,,,,,,,,,,,,,,,,,,,
,,,,,,,,,,,,,,,,,,,,,,,,,,,,,,,,,,,,,,,,,,,,,,,,,,,,,,,,,,,,,,,,,,,,,,,,,,,,,,,,,,,,,,,,,,,,,,,,,,,,,,,,,,,,,,,,,,,,,,,,,
,,,,,,,,,,,,,,,,,,,,,,,,,,,,,,,,,,,,,,,,,,,,,,,,,,,,,,,,,,,,,,,,,,,,,,,,,,,,,,,,,,,,,,,,,,,,,,,,,,,,,,,,,,,,,,,,,,,,,,,,,
,,,,,,,,,,,,,,,,,,,,,,,,,,,,,,,,,,,,,,,,,,,,,,,,,,,,,,,,,,,,,,,,,,,,,,,,,,,,,,,,,,,,,,,,,,,,,,,,,,,,,,,,,,,,,,,,,,,,,,,,,
,,,,,,,,,,,,,,,,,,,,,,,,,,,,,,,,,,,,,,,,,,,,,,,,,,,,,,,,,,,,,,,,,,,,,,,,,,,,,,,,,,,,,,,,,,,,,,,,,,,,,,,,,,,,,,,,,,,,,,,,,
,,,,,,,,,,,,,,,,,,,,,,,,,,,,,,,,,,,,,,,,,,,,,,,,,,,,,,,,,,,,,,,,,,,,,,,,,,,,,,,,,,,,,,,,,,,,,,,,,,,,,,,,,,,,,,,,,,,,,,,,,
,,,,,,,,,,,,,,,,,,,,,,,,,,,,,,,,,,,,,,,,,,,,,,,,,,,,,,,,,,,,,,,,,,,,,,,,,,,,,,,,,,,,,,,,,,,,,,,,,,,,,,,,,,,,,,,,,,,,,,,,,
,,,,,,,,,,,,,,,,,,,,,,,,,,,,,,,,,,,,,,,,,,,,,,,,,,,,,,,,,,,,,,,,,,,,,,,,,,,,,,,,,,,,,,,,,,,,,,,,,,,,,,,,,,,,,,,,,,,,,,,,,
,,,,,,,,,,,,,,,,,,,,,,,,,,,,,,,,,,,,,,,,,,,,,,,,,,,,,,,,,,,,,,,,,,,,,,,,,,,,,,,,,,,,,,,,,,,,,,,,,,,,,,,,,,,,,,,,,,,,,,,,,
,,,,,,,,,,,,,,,,,,,,,,,,,,,,,,,,,,,,,,,,,,,,,,,,,,,,,,,,,,,,,,,,,,,,,,,,,,,,,,,,,,,,,,,,,,,,,,,,,,,,,,,,,,,,,,,,,,,,,,,,,
,,,,,,,,,,,,,,,,,,,,,,,,,,,,,,,,,,,,,,,,,,,,,,,,,,,,,,,,,,,,,,,,,,,,,,,,,,,,,,,,,,,,,,,,,,,,,,,,,,,,,,,,,,,,,,,,,,,,,,,,,
,,,,,,,,,,,,,,,,,,,,,,,,,,,,,,,,,,,,,,,,,,,,,,,,,,,,,,,,,,,,,,,,,,,,,,,,,,,,,,,,,,,,,,,,,,,,,,,,,,,,,,,,,,,,,,,,,,,,,,,,,
,,,,,,,,,,,,,,,,,,,,,,,,,,,,,,,,,,,,,,,,,,,,,,,,,,,,,,,,,,,,,,,,,,,,,,,,,,,,,,,,,,,,,,,,,,,,,,,,,,,,,,,,,,,,,,,,,,,,,,,,,
,,,,,,,,,,,,,,,,,,,,,,,,,,,,,,,,,,,,,,,,,,,,,,,,,,,,,,,,,,,,,,,,,,,,,,,,,,,,,,,,,,,,,,,,,,,,,,,,,,,,,,,,,,,,,,,,,,,,,,,,,
,,,,,,,,,,,,,,,,,,,,,,,,,,,,,,,,,,,,,,,,,,,,,,,,,,,,,,,,,,,,,,,,,,,,,,,,,,,,,,,,,,,,,,,,,,,,,,,,,,,,,,,,,,,,,,,,,,,,,,,,,
,,,,,,,,,,,,,,,,,,,,,,,,,,,,,,,,,,,,,,,,,,,,,,,,,,,,,,,,,,,,,,,,,,,,,,,,,,,,,,,,,,,,,,,,,,,,,,,,,,,,,,,,,,,,,,,,,,,,,,,,,
,,,,,,,,,,,,,,,,,,,,,,,,,,,,,,,,,,,,,,,,,,,,,,,,,,,,,,,,,,,,,,,,,,,,,,,,,,,,,,,,,,,,,,,,,,,,,,,,,,,,,,,,,,,,,,,,,,,,,,,,,
,,,,,,,,,,,,,,,,,,,,,,,,,,,,,,,,,,,,,,,,,,,,,,,,,,,,,,,,,,,,,,,,,,,,,,,,,,,,,,,,,,,,,,,,,,,,,,,,,,,,,,,,,,,,,,,,,,,,,,,,,
,,,,,,,,,,,,,,,,,,,,,,,,,,,,,,,,,,,,,,,,,,,,,,,,,,,,,,,,,,,,,,,,,,,,,,,,,,,,,,,,,,,,,,,,,,,,,,,,,,,,,,,,,,,,,,,,,,,,,,,,,
,,,,,,,,,,,,,,,,,,,,,,,,,,,,,,,,,,,,,,,,,,,,,,,,,,,,,,,,,,,,,,,,,,,,,,,,,,,,,,,,,,,,,,,,,,,,,,,,,,,,,,,,,,,,,,,,,,,,,,,,,
,,,,,,,,,,,,,,,,,,,,,,,,,,,,,,,,,,,,,,,,,,,,,,,,,,,,,,,,,,,,,,,,,,,,,,,,,,,,,,,,,,,,,,,,,,,,,,,,,,,,,,,,,,,,,,,,,,,,,,,,,
