1 Max VERSTAPPEN,,MV_Laptime_s,MV_Cumulative,,11 Sergio PEREZ,,SP_Laptime_s,SP_Cumulative,,2 Logan SARGEANT,,LS_Laptime_s,LS_Cumulative,,23 Alex ALBON,,AA_Laptime_s,AA_Cumulative,,4 Lando NORRIS,,LN_Laptime_s,LN_Cumulative,,81 Oscar PIASTRI,,OP_Laptime_s,OP_Cumulative,,10 Pierre GASLY,,PG_Laptime_s,PG_Cumulative,,31 Esteban OCON,,EO_Laptime_s,EO_Cumulative,,14 Fernando ALONSO,,FA_Laptime_s,FA_Cumulative,,18 Lance STROLL,,LS_Laptime_s,LS_Cumulative,,16 Charles LECLERC,,CL_Laptime_s,CL_Cumulative,,55 Carlos SAINZ,,CS_Laptime_s,CL_Cumulative,,20 Kevin MAGNUSSEN,,KM_Laptime_s,KM_Cumulative,,27 Nico HULKENBERG,,NH_Laptime_s,NH_Cumulative,,3 Daniel RICCIARDO,,RIC_Laptime_s,RIC_Cumulative,,22 Yuki TSUNODA,,YT_Laptime_s,YT_Cumulative,,24 Guanyu ZHOU,,GZ_Laptime_s,GZ_Cumulative,,77 Valterri BOTTAS,,VB_Laptime_s,VB_Cumulative,,44 Lewis HAMILTON,,LH_Laptime_s,LH_Cumulative,,63 George RUSSELL,,GR_Laptime_s,GR_Cumulative,,,,RBR1,RBR2,SF1,SF2,M-AMG1,M_AMG2,AMR1,AMR2,MCL1,MCL2,ALP1,ALP2,ATO1,ATO2,WIL1,WIL2,HAS1,HAS2,SAUB1,SAUB2
1 1:37.284,01:37.3,97.284,97.284,,1 1:40.053,01:40.1,100.053,100.053,,1 1:45.921,01:45.9,105.921,105.921,,1 1:43.888,01:43.9,103.888,103.888,,1 1:42.168,01:42.2,102.168,102.168,,1 1:42.543,01:42.5,102.543,102.543,,1 1:47.240,01:47.2,107.24,107.24,,1 1:46.657,01:46.7,106.657,106.657,,1 1:41.679,01:41.7,101.679,101.679,,1 1:50.214,01:50.2,110.214,110.214,,1 1:38.271,01:38.3,98.271,98.271,,1 1:40.620,01:40.6,100.62,100.62,,1 1:44.349,01:44.3,104.349,104.349,,1 1:53.555,01:53.6,113.555,113.555,,1 1:45.668,01:45.7,105.668,105.668,,1 1:43.485,01:43.5,103.485,103.485,,1 1:44.801,01:44.8,104.801,104.801,,1 1:48.536,01:48.5,108.536,108.536,,1 1:43.122,01:43.1,103.122,103.122,,1 1:39.228,01:39.2,99.228,99.228,,,VER,VER,PER,LEC,SAI,HAM,RUS,ALO,STR,NOR,PIA,OCO,GAS,TSU,RIC,ALB,SAR,MAG,HUL,BOT,ZHO
2 1:36.296,01:36.3,96.296,193.58,,2 1:36.541,01:36.5,96.541,196.594,,2 1:38.481,01:38.5,98.481,204.402,,2 1:38.826,01:38.8,98.826,202.714,,2 1:38.010,01:38.0,98.01,200.178,,2 1:38.382,01:38.4,98.382,200.925,,2 1:39.059,01:39.1,99.059,206.299,,2 1:39.094,01:39.1,99.094,205.751,,2 1:38.020,01:38.0,98.02,199.699,,2 1:37.987,01:38.0,97.987,208.201,,2 1:36.862,01:36.9,96.862,195.133,,2 1:37.236,01:37.2,97.236,197.856,,2 1:38.911,01:38.9,98.911,203.26,,2 2:10.911,02:10.9,130.911,244.466,,2 1:39.509,01:39.5,99.509,205.177,,2 1:38.689,01:38.7,98.689,202.174,,2 1:38.920,01:38.9,98.92,203.721,,2 1:38.259,01:38.3,98.259,206.795,,2 1:38.273,01:38.3,98.273,201.395,,2 1:36.635,01:36.6,96.635,195.863,,1,97.284,0,2.769,0.987,3.336,5.838,1.944,4.395,12.93,4.884,5.259,9.373,9.956,6.201,8.384,6.604,8.637,7.065,16.271,11.252,7.517
3 1:36.753,01:36.8,96.753,290.333,,3 1:37.297,01:37.3,97.297,293.891,,3 1:38.707,01:38.7,98.707,303.109,,3 1:38.507,01:38.5,98.507,301.221,,3 1:37.787,01:37.8,97.787,297.965,,3 1:38.258,01:38.3,98.258,299.183,,3 1:38.744,01:38.7,98.744,305.043,,3 1:38.771,01:38.8,98.771,304.522,,3 1:39.046,01:39.0,99.046,298.745,,3 1:38.279,01:38.3,98.279,306.48,,3 1:38.062,01:38.1,98.062,293.195,,3 1:37.080,01:37.1,97.08,294.936,,3 1:38.399,01:38.4,98.399,301.659,,3 1:37.317,01:37.3,97.317,341.783,,3 1:38.760,01:38.8,98.76,303.937,,3 1:38.431,01:38.4,98.431,300.605,,3 1:38.582,01:38.6,98.582,302.303,,3 1:38.837,01:38.8,98.837,305.632,,3 1:38.303,01:38.3,98.303,299.698,,3 1:36.406,01:36.4,96.406,292.269,,2,193.58,0,3.014,1.553,4.276,7.815,2.283,6.119,14.621,6.598,7.345,12.171,12.719,8.594,11.597,9.134,10.822,9.68,50.886,13.215,10.141
4 1:36.647,01:36.6,96.647,386.98,,4 1:37.722,01:37.7,97.722,391.613,,4 1:38.390,01:38.4,98.39,401.499,,4 1:38.422,01:38.4,98.422,399.643,,4 1:37.450,01:37.5,97.45,395.415,,4 1:37.897,01:37.9,97.897,397.08,,4 1:38.503,01:38.5,98.503,403.546,,4 1:38.625,01:38.6,98.625,403.147,,4 1:37.776,01:37.8,97.776,396.521,,4 1:38.364,01:38.4,98.364,404.844,,4 1:37.752,01:37.8,97.752,390.947,,4 1:37.264,01:37.3,97.264,392.2,,4 1:38.497,01:38.5,98.497,400.156,,4 1:37.349,01:37.3,97.349,439.132,,4 1:38.610,01:38.6,98.61,402.547,,4 1:38.310,01:38.3,98.31,398.915,,4 1:38.428,01:38.4,98.428,400.731,,4 1:38.643,01:38.6,98.643,404.275,,4 1:38.287,01:38.3,98.287,397.985,,4 1:37.738,01:37.7,97.738,390.007,,3,290.333,0,3.558,2.862,4.603,9.365,1.936,8.412,16.147,7.632,8.85,14.189,14.71,10.272,13.604,10.888,12.776,11.326,51.45,15.299,11.97
5 1:37.173,01:37.2,97.173,484.153,,5 1:38.044,01:38.0,98.044,489.657,,5 1:38.757,01:38.8,98.757,500.256,,5 1:38.509,01:38.5,98.509,498.152,,5 1:37.794,01:37.8,97.794,493.209,,5 1:37.859,01:37.9,97.859,494.939,,5 1:38.664,01:38.7,98.664,502.21,,5 1:38.640,01:38.6,98.64,501.787,,5 1:39.292,01:39.3,99.292,495.813,,5 1:38.725,01:38.7,98.725,503.569,,5 1:38.131,01:38.1,98.131,489.078,,5 1:38.032,01:38.0,98.032,490.232,,5 1:38.576,01:38.6,98.576,498.732,,5 1:37.663,01:37.7,97.663,536.795,,5 1:38.704,01:38.7,98.704,501.251,,5 1:38.321,01:38.3,98.321,497.236,,5 1:38.798,01:38.8,98.798,499.529,,5 1:40.087,01:40.1,100.087,504.362,,5 1:38.350,01:38.4,98.35,496.335,,5 1:38.116,01:38.1,98.116,488.123,,4,386.98,0,4.633,3.967,5.22,11.005,3.027,9.541,17.864,8.435,10.1,16.167,16.566,11.935,15.567,12.663,14.519,13.176,52.152,17.295,13.751
6 1:37.092,01:37.1,97.092,581.245,,6 1:37.823,01:37.8,97.823,587.48,,6 1:38.582,01:38.6,98.582,598.838,,6 1:38.575,01:38.6,98.575,596.727,,6 1:37.896,01:37.9,97.896,591.105,,6 1:37.955,01:38.0,97.955,592.894,,6 1:39.099,01:39.1,99.099,601.309,,6 1:38.874,01:38.9,98.874,600.661,,6 1:38.053,01:38.1,98.053,593.866,,6 1:38.925,01:38.9,98.925,602.494,,6 1:37.782,01:37.8,97.782,586.86,,6 1:37.741,01:37.7,97.741,587.973,,6 1:38.529,01:38.5,98.529,597.261,,6 1:37.896,01:37.9,97.896,634.691,,6 1:38.689,01:38.7,98.689,599.94,,6 1:38.361,01:38.4,98.361,595.597,,6 1:38.488,01:38.5,98.488,598.017,,6 1:39.206,01:39.2,99.206,603.568,,6 1:38.183,01:38.2,98.183,594.518,,6 1:37.784,01:37.8,97.784,585.907,,5,484.153,0,5.504,4.925,6.079,12.182,3.97,11.66,19.416,9.056,10.786,17.634,18.057,13.083,17.098,13.999,16.103,14.579,52.642,20.209,15.376
7 1:37.038,01:37.0,97.038,678.283,,7 1:37.821,01:37.8,97.821,685.301,,7 1:39.464,01:39.5,99.464,698.302,,7 1:38.971,01:39.0,98.971,695.698,,7 1:37.860,01:37.9,97.86,688.965,,7 1:37.984,01:38.0,97.984,690.878,,7 1:39.078,01:39.1,99.078,700.387,,7 1:39.152,01:39.2,99.152,699.813,,7 1:38.008,01:38.0,98.008,691.874,,7 1:38.769,01:38.8,98.769,701.263,,7 1:38.957,01:39.0,98.957,685.817,,7 1:38.260,01:38.3,98.26,686.233,,7 1:40.058,01:40.1,100.058,697.319,,7 1:37.682,01:37.7,97.682,732.373,,7 1:39.193,01:39.2,99.193,699.133,,7 1:38.364,01:38.4,98.364,693.961,,7 1:39.517,01:39.5,99.517,697.534,,7 1:38.654,01:38.7,98.654,702.222,,7 1:37.839,01:37.8,97.839,692.357,,7 1:38.082,01:38.1,98.082,683.989,,6,581.245,0,6.235,5.615,6.728,13.273,4.662,12.621,21.249,9.86,11.649,19.416,20.064,14.352,18.695,15.482,17.593,16.016,53.446,22.323,16.772
8 1:37.024,01:37.0,97.024,775.307,,8 1:37.838,01:37.8,97.838,783.139,,8 1:39.580,01:39.6,99.58,797.882,,8 1:38.660,01:38.7,98.66,794.358,,8 1:38.134,01:38.1,98.134,787.099,,8 1:37.956,01:38.0,97.956,788.834,,8 1:39.287,01:39.3,99.287,799.674,,8 1:39.422,01:39.4,99.422,799.235,,8 1:38.103,01:38.1,98.103,789.977,,8 1:38.857,01:38.9,98.857,800.12,,8 1:38.136,01:38.1,98.136,783.953,,8 1:38.183,01:38.2,98.183,784.416,,8 1:39.172,01:39.2,99.172,796.491,,8 1:37.820,01:37.8,97.82,830.193,,8 1:39.529,01:39.5,99.529,798.662,,8 1:38.513,01:38.5,98.513,792.474,,8 1:39.646,01:39.6,99.646,797.18,,8 1:38.968,01:39.0,98.968,801.19,,8 1:38.221,01:38.2,98.221,790.578,,8 1:37.862,01:37.9,97.862,781.851,,7,678.283,0,7.018,7.534,7.95,14.074,5.706,13.591,22.98,10.682,12.595,21.53,22.104,15.678,20.85,17.415,20.019,19.036,54.09,23.939,19.251
9 1:37.229,01:37.2,97.229,872.536,,9 1:37.596,01:37.6,97.596,880.735,,9 1:39.366,01:39.4,99.366,897.248,,9 1:38.652,01:38.7,98.652,893.01,,9 1:38.064,01:38.1,98.064,885.163,,9 1:38.096,01:38.1,98.096,886.93,,9 1:39.452,01:39.5,99.452,899.126,,9 1:39.312,01:39.3,99.312,898.547,,9 1:38.896,01:38.9,98.896,888.873,,9 P 1:42.112,01:42.1,102.112,902.232,,9 1:37.844,01:37.8,97.844,881.797,,9 1:38.030,01:38.0,98.03,882.446,,9 1:38.861,01:38.9,98.861,895.352,,9 1:37.883,01:37.9,97.883,928.076,,9 1:39.338,01:39.3,99.338,898,,9 1:38.554,01:38.6,98.554,891.028,,9 P 1:41.849,01:41.8,101.849,899.029,,9 1:39.425,01:39.4,99.425,900.615,,9 1:38.645,01:38.6,98.645,889.223,,9 1:37.730,01:37.7,97.73,879.581,,8,775.307,0,7.832,8.646,9.109,15.271,6.544,14.67,24.813,11.792,13.527,23.928,24.367,17.167,23.355,19.051,22.575,21.184,54.886,25.883,21.873
10 1:36.960,01:37.0,96.96,969.496,,10 1:37.630,01:37.6,97.63,978.365,,10 P 2:41.860,02:41.9,161.86,1059.108,,10 1:38.952,01:39.0,98.952,991.962,,10 1:37.936,01:37.9,97.936,983.099,,10 1:38.073,01:38.1,98.073,985.003,,10 1:38.929,01:38.9,98.929,998.055,,10 P 1:41.642,01:41.6,101.642,1000.189,,10 1:39.325,01:39.3,99.325,988.198,,10 1:57.815,01:57.8,117.815,1020.047,,10 1:37.884,01:37.9,97.884,979.681,,10 1:37.608,01:37.6,97.608,980.054,,10 1:38.747,01:38.7,98.747,994.099,,10 1:38.370,01:38.4,98.37,1026.446,,10 1:38.782,01:38.8,98.782,996.782,,10 1:38.912,01:38.9,98.912,989.94,,10 1:59.328,01:59.3,119.328,1018.357,,10 1:39.112,01:39.1,99.112,999.727,,10 1:38.037,01:38.0,98.037,987.26,,10 1:37.782,01:37.8,97.782,977.363,,9,872.536,0,8.199,9.261,9.91,16.687,7.045,16.337,29.696,12.627,14.394,26.011,26.59,18.492,25.464,20.474,24.712,22.816,55.54,28.079,26.493
11 1:37.085,01:37.1,97.085,1066.581,,11 1:37.836,01:37.8,97.836,1076.201,,11 2:12.438,02:12.4,132.438,1191.546,,11 1:38.835,01:38.8,98.835,1090.797,,11 1:38.172,01:38.2,98.172,1081.271,,11 1:38.397,01:38.4,98.397,1083.4,,11 1:38.656,01:38.7,98.656,1096.711,,11 1:59.014,01:59.0,119.014,1119.203,,11 1:38.554,01:38.6,98.554,1086.752,,11 1:36.494,01:36.5,96.494,1116.541,,11 P 1:41.737,01:41.7,101.737,1081.418,,11 1:37.656,01:37.7,97.656,1077.71,,11 P 1:41.088,01:41.1,101.088,1095.187,,11 1:37.638,01:37.6,97.638,1124.084,,11 1:39.033,01:39.0,99.033,1095.815,,11 1:38.799,01:38.8,98.799,1088.739,,11 1:36.365,01:36.4,96.365,1114.722,,11 1:39.187,01:39.2,99.187,1098.914,,11 1:38.236,01:38.2,98.236,1085.496,,11 P 1:40.515,01:40.5,100.515,1077.878,,10,969.496,0,8.869,10.185,10.558,17.764,7.867,18.702,50.551,13.603,15.507,30.693,28.559,20.444,27.286,22.466,89.612,24.603,56.95,30.231,48.861
12 1:37.045,01:37.0,97.045,1163.626,,12 P 1:40.277,01:40.3,100.277,1176.478,,12 1:38.493,01:38.5,98.493,1290.039,,12 1:38.934,01:38.9,98.934,1189.731,,12 1:38.082,01:38.1,98.082,1179.353,,12 P 1:40.739,01:40.7,100.739,1184.139,,12 P 1:41.456,01:41.5,101.456,1198.167,,12 1:37.599,01:37.6,97.599,1216.802,,12 1:38.543,01:38.5,98.543,1185.295,,12 1:37.175,01:37.2,97.175,1213.716,,12 1:57.471,01:57.5,117.471,1198.889,,12 1:37.650,01:37.7,97.65,1175.36,,12 1:59.682,01:59.7,119.682,1214.869,,12 1:37.706,01:37.7,97.706,1221.79,,12 1:38.893,01:38.9,98.893,1194.708,,12 1:38.769,01:38.8,98.769,1187.508,,12 1:36.995,01:37.0,96.995,1211.717,,12 P 1:43.145,01:43.1,103.145,1202.059,,12 P 1:40.889,01:40.9,100.889,1186.385,,12 1:58.460,01:58.5,118.46,1196.338,,11,1066.581,0,9.62,14.837,11.129,18.915,11.297,20.171,49.96,14.69,16.819,52.622,30.13,22.158,29.234,24.216,124.965,28.606,57.503,32.333,48.141
13 1:37.030,01:37.0,97.03,1260.656,,13 1:57.624,01:57.6,117.624,1294.102,,13 1:40.989,01:41.0,100.989,1391.028,,13 1:38.823,01:38.8,98.823,1288.554,,13 P 1:40.635,01:40.6,100.635,1279.988,,13 1:58.689,01:58.7,118.689,1302.828,,13 2:04.565,02:04.6,124.565,1322.732,,13 1:37.363,01:37.4,97.363,1314.165,,13 1:38.587,01:38.6,98.587,1283.882,,13 1:37.289,01:37.3,97.289,1311.005,,13 1:36.432,01:36.4,96.432,1295.321,,13 1:37.243,01:37.2,97.243,1272.603,,13 1:36.890,01:36.9,96.89,1311.759,,13 1:37.801,01:37.8,97.801,1319.591,,13 P 1:42.173,01:42.2,102.173,1296.881,,13 1:38.860,01:38.9,98.86,1286.368,,13 1:37.436,01:37.4,97.436,1309.153,,13 2:01.081,02:01.1,121.081,1323.14,,13 1:58.645,01:58.6,118.645,1305.03,,13 1:37.167,01:37.2,97.167,1293.505,,12,1163.626,0,12.852,35.263,11.734,22.759,32.712,21.669,50.09,15.727,20.513,53.176,34.541,23.882,31.082,26.105,126.413,51.243,58.164,38.433,48.091
14 1:37.028,01:37.0,97.028,1357.684,,14 1:35.606,01:35.6,95.606,1389.708,,14 1:41.470,01:41.5,101.47,1492.498,,14 1:38.977,01:39.0,98.977,1387.531,,14 1:57.770,01:57.8,117.77,1397.758,,14 1:36.796,01:36.8,96.796,1399.624,,14 1:37.689,01:37.7,97.689,1420.421,,14 1:37.537,01:37.5,97.537,1411.702,,14 1:38.612,01:38.6,98.612,1382.494,,14 1:37.624,01:37.6,97.624,1408.629,,14 1:36.756,01:36.8,96.756,1392.077,,14 P 1:39.753,01:39.8,99.753,1372.356,,14 1:37.590,01:37.6,97.59,1409.349,,14 1:37.879,01:37.9,97.879,1417.47,,14 1:59.408,01:59.4,119.408,1416.289,,14 P 1:41.138,01:41.1,101.138,1387.506,,14 1:37.482,01:37.5,97.482,1406.635,,14 1:36.454,01:36.5,96.454,1419.594,,14 1:37.178,01:37.2,97.178,1402.208,,14 1:37.571,01:37.6,97.571,1391.076,,13,1260.656,0,33.446,34.665,11.947,44.374,32.849,23.226,50.349,19.332,42.172,53.509,62.076,25.712,36.225,27.898,130.372,51.103,58.935,62.484,48.497
15 1:37.011,01:37.0,97.011,1454.695,,15 1:36.815,01:36.8,96.815,1486.523,,15 1:37.594,01:37.6,97.594,1590.092,,15 P 1:41.171,01:41.2,101.171,1488.702,,15 1:36.912,01:36.9,96.912,1494.67,,15 1:36.823,01:36.8,96.823,1496.447,,15 1:37.492,01:37.5,97.492,1517.913,,15 1:37.843,01:37.8,97.843,1509.545,,15 P 1:41.101,01:41.1,101.101,1483.595,,15 1:37.533,01:37.5,97.533,1506.162,,15 1:36.813,01:36.8,96.813,1488.89,,15 1:57.225,01:57.2,117.225,1489.581,,15 1:38.332,01:38.3,98.332,1507.681,,15 1:38.110,01:38.1,98.11,1515.58,,15 1:37.070,01:37.1,97.07,1513.359,,15 1:59.588,01:59.6,119.588,1507.094,,15 1:37.500,01:37.5,97.5,1504.135,,15 1:37.287,01:37.3,97.287,1516.881,,15 1:37.264,01:37.3,97.264,1499.472,,15 1:36.922,01:36.9,96.922,1487.998,,14,1357.684,0,32.024,34.393,14.672,44.524,33.392,24.81,50.945,40.074,41.94,54.018,62.737,29.822,58.605,29.847,134.814,51.665,59.786,61.91,48.951
16 1:37.168,01:37.2,97.168,1551.863,,16 1:35.783,01:35.8,95.783,1582.306,,16 1:41.370,01:41.4,101.37,1691.462,,16 1:59.341,01:59.3,119.341,1608.043,,16 1:36.565,01:36.6,96.565,1591.235,,16 1:36.427,01:36.4,96.427,1592.874,,16 1:37.521,01:37.5,97.521,1615.434,,16 1:37.902,01:37.9,97.902,1607.447,,16 1:58.814,01:58.8,118.814,1602.409,,16 1:38.027,01:38.0,98.027,1604.189,,16 1:36.673,01:36.7,96.673,1585.563,,16 1:36.376,01:36.4,96.376,1585.957,,16 1:37.749,01:37.7,97.749,1605.43,,16 1:37.796,01:37.8,97.796,1613.376,,16 1:37.176,01:37.2,97.176,1610.535,,16 1:37.516,01:37.5,97.516,1604.61,,16 1:37.659,01:37.7,97.659,1601.794,,16 1:37.718,01:37.7,97.718,1614.599,,16 1:37.091,01:37.1,97.091,1596.563,,16 1:36.683,01:36.7,96.683,1584.681,,15,1454.695,0,31.828,34.195,34.886,44.777,33.303,28.9,51.467,39.975,41.752,54.85,63.218,52.399,58.664,34.007,135.397,52.986,60.885,62.186,49.44
17 P 1:39.896,01:39.9,99.896,1651.759,,17 1:36.454,01:36.5,96.454,1678.76,,17 1:39.758,01:39.8,99.758,1791.22,,17 1:37.392,01:37.4,97.392,1705.435,,17 1:36.776,01:36.8,96.776,1688.011,,17 1:36.872,01:36.9,96.872,1689.746,,17 1:37.949,01:37.9,97.949,1713.383,,17 1:38.911,01:38.9,98.911,1706.358,,17 1:36.970,01:37.0,96.97,1699.379,,17 1:38.777,01:38.8,98.777,1702.966,,17 1:37.302,01:37.3,97.302,1682.865,,17 1:35.507,01:35.5,95.507,1681.464,,17 1:38.282,01:38.3,98.282,1703.712,,17 1:37.891,01:37.9,97.891,1711.267,,17 1:37.290,01:37.3,97.29,1707.825,,17 1:37.482,01:37.5,97.482,1702.092,,17 1:38.475,01:38.5,98.475,1700.269,,17 1:37.765,01:37.8,97.765,1712.364,,17 1:37.111,01:37.1,97.111,1693.674,,17 1:36.234,01:36.2,96.234,1680.915,,16,1551.863,0,30.443,33.7,34.094,44.7,32.818,50.546,52.326,39.372,41.011,55.584,63.571,52.747,58.672,56.18,139.599,53.567,61.513,62.736,49.931
18 1:57.854,01:57.9,117.854,1769.613,,18 1:36.311,01:36.3,96.311,1775.071,,18 1:38.077,01:38.1,98.077,1889.297,,18 1:37.590,01:37.6,97.59,1803.025,,18 1:36.508,01:36.5,96.508,1784.519,,18 1:37.095,01:37.1,97.095,1786.841,,18 1:37.791,01:37.8,97.791,1811.174,,18 1:38.120,01:38.1,98.12,1804.478,,18 1:37.361,01:37.4,97.361,1796.74,,18 1:37.417,01:37.4,97.417,1800.383,,18 1:37.438,01:37.4,97.438,1780.303,,18 1:36.088,01:36.1,96.088,1777.552,,18 1:37.583,01:37.6,97.583,1801.295,,18 1:38.216,01:38.2,98.216,1809.483,,18 1:37.700,01:37.7,97.7,1805.525,,18 1:37.359,01:37.4,97.359,1799.451,,18 1:37.552,01:37.6,97.552,1797.821,,18 1:37.918,01:37.9,97.918,1810.282,,18 1:36.850,01:36.9,96.85,1790.524,,18 1:37.819,01:37.8,97.819,1778.734,,17,1651.759,0,27.001,31.106,29.705,41.915,29.156,47.62,51.207,36.252,37.987,54.599,61.624,50.333,56.066,53.676,139.461,51.953,59.508,60.605,48.51
19 1:35.283,01:35.3,95.283,1864.896,,19 1:36.038,01:36.0,96.038,1871.109,,19 1:37.742,01:37.7,97.742,1987.039,,19 1:37.763,01:37.8,97.763,1900.788,,19 1:36.416,01:36.4,96.416,1880.935,,19 1:36.577,01:36.6,96.577,1883.418,,19 1:37.702,01:37.7,97.702,1908.876,,19 1:38.332,01:38.3,98.332,1902.81,,19 1:37.072,01:37.1,97.072,1893.812,,19 1:37.554,01:37.6,97.554,1897.937,,19 1:36.821,01:36.8,96.821,1877.124,,19 1:36.236,01:36.2,96.236,1873.788,,19 1:37.792,01:37.8,97.792,1899.087,,19 1:37.862,01:37.9,97.862,1907.345,,19 1:38.350,01:38.4,98.35,1903.875,,19 1:37.396,01:37.4,97.396,1896.847,,19 1:37.652,01:37.7,97.652,1895.473,,19 1:37.662,01:37.7,97.662,1907.944,,19 1:36.694,01:36.7,96.694,1887.218,,19 1:37.233,01:37.2,97.233,1875.967,,18,1769.613,0,5.458,10.69,7.939,20.911,9.121,27.127,30.77,14.906,17.228,34.865,41.561,29.838,35.912,33.412,119.684,31.682,39.87,40.669,28.208
20 1:35.160,01:35.2,95.16,1960.056,,20 1:36.278,01:36.3,96.278,1967.387,,20 1:37.820,01:37.8,97.82,2084.859,,20 1:37.701,01:37.7,97.701,1998.489,,20 1:36.501,01:36.5,96.501,1977.436,,20 1:36.644,01:36.6,96.644,1980.062,,20 1:38.036,01:38.0,98.036,2006.912,,20 1:38.185,01:38.2,98.185,2000.995,,20 1:37.357,01:37.4,97.357,1991.169,,20 1:37.859,01:37.9,97.859,1995.796,,20 1:36.794,01:36.8,96.794,1973.918,,20 1:36.034,01:36.0,96.034,1969.822,,20 1:38.062,01:38.1,98.062,1997.149,,20 P 1:40.798,01:40.8,100.798,2008.143,,20 1:37.865,01:37.9,97.865,2001.74,,20 1:37.766,01:37.8,97.766,1994.613,,20 1:37.749,01:37.7,97.749,1993.222,,20 1:38.285,01:38.3,98.285,2006.229,,20 1:36.264,01:36.3,96.264,1983.482,,20 1:36.732,01:36.7,96.732,1972.699,,19,1864.896,0,6.213,12.228,8.892,22.322,11.071,28.916,33.041,16.039,18.522,37.914,43.98,31.951,38.979,35.892,122.143,34.191,42.449,43.048,30.577
21 1:35.316,01:35.3,95.316,2055.372,,21 1:36.165,01:36.2,96.165,2063.552,,21 1:38.009,01:38.0,98.009,2182.868,,21 1:37.918,01:37.9,97.918,2096.407,,21 1:36.620,01:36.6,96.62,2074.056,,21 1:36.733,01:36.7,96.733,2076.795,,21 1:38.094,01:38.1,98.094,2105.006,,21 1:39.363,01:39.4,99.363,2100.358,,21 1:37.342,01:37.3,97.342,2088.511,,21 1:38.022,01:38.0,98.022,2093.818,,21 1:36.977,01:37.0,96.977,2070.895,,21 1:36.104,01:36.1,96.104,2065.926,,21 1:38.010,01:38.0,98.01,2095.159,,21 1:58.699,01:58.7,118.699,2126.842,,21 1:37.392,01:37.4,97.392,2099.132,,21 1:37.777,01:37.8,97.777,2092.39,,21 1:37.947,01:37.9,97.947,2091.169,,21 1:37.730,01:37.7,97.73,2103.959,,21 1:36.510,01:36.5,96.51,2079.992,,21 1:36.769,01:36.8,96.769,2069.468,,20,1960.056,0,7.331,13.862,9.766,23.426,12.643,31.113,35.74,17.38,20.006,40.939,46.856,34.557,41.684,38.433,124.803,37.093,48.087,46.173,33.166
22 1:35.204,01:35.2,95.204,2150.576,,22 1:36.037,01:36.0,96.037,2159.589,,22 1:37.728,01:37.7,97.728,2280.596,,22 1:38.031,01:38.0,98.031,2194.438,,22 1:36.668,01:36.7,96.668,2170.724,,22 1:36.555,01:36.6,96.555,2173.35,,22 1:37.868,01:37.9,97.868,2202.874,,22 1:38.655,01:38.7,98.655,2199.013,,22 1:37.122,01:37.1,97.122,2185.633,,22 1:38.175,01:38.2,98.175,2191.993,,22 1:36.796,01:36.8,96.796,2167.691,,22 1:36.008,01:36.0,96.008,2161.934,,22 1:38.147,01:38.1,98.147,2193.306,,22 1:36.858,01:36.9,96.858,2223.7,,22 1:37.750,01:37.8,97.75,2196.882,,22 1:37.837,01:37.8,97.837,2190.227,,22 1:37.852,01:37.9,97.852,2189.021,,22 1:37.998,01:38.0,97.998,2201.957,,22 1:36.633,01:36.6,96.633,2176.625,,22 1:36.992,01:37.0,96.992,2166.46,,21,2055.372,0,8.18,15.523,10.554,24.62,14.096,33.139,38.446,18.684,21.423,44.986,49.634,37.018,43.76,41.035,127.496,39.787,71.47,48.587,35.797
23 1:35.216,01:35.2,95.216,2245.792,,23 1:36.249,01:36.2,96.249,2255.838,,23 1:37.621,01:37.6,97.621,2378.217,,23 1:37.869,01:37.9,97.869,2292.307,,23 1:36.696,01:36.7,96.696,2267.42,,23 1:36.680,01:36.7,96.68,2270.03,,23 1:38.104,01:38.1,98.104,2300.978,,23 1:38.407,01:38.4,98.407,2297.42,,23 1:37.265,01:37.3,97.265,2282.898,,23 1:37.826,01:37.8,97.826,2289.819,,23 1:36.987,01:37.0,96.987,2264.678,,23 1:36.149,01:36.1,96.149,2258.083,,23 1:38.293,01:38.3,98.293,2291.599,,23 1:36.725,01:36.7,96.725,2320.425,,23 1:37.772,01:37.8,97.772,2294.654,,23 1:37.671,01:37.7,97.671,2287.898,,23 1:37.788,01:37.8,97.788,2286.809,,23 1:38.180,01:38.2,98.18,2300.137,,23 1:36.717,01:36.7,96.717,2273.342,,23 1:36.954,01:37.0,96.954,2263.414,,22,2150.576,0,9.013,17.115,11.358,26.049,15.884,35.057,41.417,20.148,22.774,48.437,52.298,39.651,46.306,43.862,130.02,42.73,73.124,51.381,38.445
24 1:35.289,01:35.3,95.289,2341.081,,24 1:36.211,01:36.2,96.211,2352.049,,24 1:39.437,01:39.4,99.437,2477.654,,24 1:38.204,01:38.2,98.204,2390.511,,24 1:36.823,01:36.8,96.823,2364.243,,24 1:36.884,01:36.9,96.884,2366.914,,24 1:38.192,01:38.2,98.192,2399.17,,24 1:38.420,01:38.4,98.42,2395.84,,24 1:37.046,01:37.0,97.046,2379.944,,24 1:38.138,01:38.1,98.138,2387.957,,24 1:36.924,01:36.9,96.924,2361.602,,24 1:36.200,01:36.2,96.2,2354.283,,24 1:38.156,01:38.2,98.156,2389.755,,24 1:36.626,01:36.6,96.626,2417.051,,24 1:37.766,01:37.8,97.766,2392.42,,24 1:37.634,01:37.6,97.634,2385.532,,24 1:37.894,01:37.9,97.894,2384.703,,24 1:38.146,01:38.1,98.146,2398.283,,24 1:36.666,01:36.7,96.666,2370.008,,24 1:36.736,01:36.7,96.736,2360.15,,23,2245.792,0,10.046,18.886,12.291,27.55,17.622,37.106,44.027,21.628,24.238,51.628,55.186,42.106,48.862,46.515,132.425,45.807,74.633,54.345,41.017
25 1:35.342,01:35.3,95.342,2436.423,,25 1:36.344,01:36.3,96.344,2448.393,,25 1:39.093,01:39.1,99.093,2576.747,,25 1:38.226,01:38.2,98.226,2488.737,,25 1:36.730,01:36.7,96.73,2460.973,,25 1:37.008,01:37.0,97.008,2463.922,,25 1:38.160,01:38.2,98.16,2497.33,,25 1:38.494,01:38.5,98.494,2494.334,,25 1:37.179,01:37.2,97.179,2477.123,,25 1:37.994,01:38.0,97.994,2485.951,,25 1:36.760,01:36.8,96.76,2458.362,,25 1:36.220,01:36.2,96.22,2450.503,,25 1:38.290,01:38.3,98.29,2488.045,,25 1:36.652,01:36.7,96.652,2513.703,,25 1:37.973,01:38.0,97.973,2490.393,,25 1:37.851,01:37.9,97.851,2483.383,,25 1:37.883,01:37.9,97.883,2482.586,,25 1:38.262,01:38.3,98.262,2496.545,,25 1:36.919,01:36.9,96.919,2466.927,,25 1:36.928,01:36.9,96.928,2457.078,,24,2341.081,0,10.968,20.521,13.202,28.927,19.069,38.863,46.876,23.162,25.833,54.759,58.089,44.451,51.339,49.43,136.573,48.674,75.97,57.202,43.622
26 1:35.223,01:35.2,95.223,2531.646,,26 1:36.347,01:36.3,96.347,2544.74,,26 1:37.859,01:37.9,97.859,2674.606,,26 1:38.100,01:38.1,98.1,2586.837,,26 1:36.566,01:36.6,96.566,2557.539,,26 1:36.882,01:36.9,96.882,2560.804,,26 1:38.379,01:38.4,98.379,2595.709,,26 1:38.665,01:38.7,98.665,2592.999,,26 1:37.638,01:37.6,97.638,2574.761,,26 1:38.133,01:38.1,98.133,2584.084,,26 1:36.810,01:36.8,96.81,2555.172,,26 1:36.221,01:36.2,96.221,2546.724,,26 1:38.093,01:38.1,98.093,2586.138,,26 1:36.548,01:36.5,96.548,2610.251,,26 1:38.029,01:38.0,98.029,2588.422,,26 1:38.058,01:38.1,98.058,2581.441,,26 1:37.995,01:38.0,97.995,2580.581,,26 1:38.308,01:38.3,98.308,2594.853,,26 1:36.714,01:36.7,96.714,2563.641,,26 1:36.801,01:36.8,96.801,2553.879,,25,2436.423,0,11.97,21.939,14.08,30.504,20.655,40.7,49.528,24.55,27.499,57.911,60.907,46.96,53.97,52.314,140.324,51.622,77.28,60.122,46.163
27 1:35.581,01:35.6,95.581,2627.227,,27 1:36.233,01:36.2,96.233,2640.973,,27 1:38.288,01:38.3,98.288,2772.894,,27 1:38.296,01:38.3,98.296,2685.133,,27 1:36.726,01:36.7,96.726,2654.265,,27 1:36.905,01:36.9,96.905,2657.709,,27 1:38.400,01:38.4,98.4,2694.109,,27 1:38.549,01:38.5,98.549,2691.548,,27 1:36.945,01:36.9,96.945,2671.706,,27 P 1:40.710,01:40.7,100.71,2684.794,,27 1:36.831,01:36.8,96.831,2652.003,,27 1:36.272,01:36.3,96.272,2642.996,,27 1:38.226,01:38.2,98.226,2684.364,,27 1:36.647,01:36.6,96.647,2706.898,,27 1:38.152,01:38.2,98.152,2686.574,,27 1:38.083,01:38.1,98.083,2679.524,,27 1:38.053,01:38.1,98.053,2678.634,,27 1:38.426,01:38.4,98.426,2693.279,,27 1:37.201,01:37.2,97.201,2660.842,,27 1:36.815,01:36.8,96.815,2650.694,,26,2531.646,0,13.094,23.526,15.078,31.995,22.233,43.115,52.438,25.893,29.158,61.353,64.063,49.795,56.776,55.191,142.96,54.492,78.605,63.207,48.935
28 1:35.477,01:35.5,95.477,2722.704,,28 1:36.226,01:36.2,96.226,2737.199,,28 P 1:40.535,01:40.5,100.535,2873.429,,28 1:38.048,01:38.0,98.048,2783.181,,28 1:37.018,01:37.0,97.018,2751.283,,28 1:36.905,01:36.9,96.905,2754.614,,28 1:38.615,01:38.6,98.615,2792.724,,28 1:38.372,01:38.4,98.372,2789.92,,28 1:37.256,01:37.3,97.256,2768.962,,28 1:56.640,01:56.6,116.64,2801.434,,28 1:36.907,01:36.9,96.907,2748.91,,28 1:36.534,01:36.5,96.534,2739.53,,28 1:37.936,01:37.9,97.936,2782.3,,28 1:37.254,01:37.3,97.254,2804.152,,28 1:38.045,01:38.0,98.045,2784.619,,28 1:38.164,01:38.2,98.164,2777.688,,28 P 1:40.675,01:40.7,100.675,2779.309,,28 1:38.595,01:38.6,98.595,2791.874,,28 1:36.692,01:36.7,96.692,2757.534,,28 1:36.911,01:36.9,96.911,2747.605,,27,2627.227,0,13.746,24.776,15.769,33.615,23.467,44.479,57.567,27.038,30.482,64.321,66.882,52.297,59.347,57.906,145.667,57.137,79.671,66.052,51.407
29 1:35.793,01:35.8,95.793,2818.497,,29 1:36.437,01:36.4,96.437,2833.636,,29 2:01.581,02:01.6,121.581,2995.01,,29 1:37.879,01:37.9,97.879,2881.06,,29 1:37.041,01:37.0,97.041,2848.324,,29 1:37.179,01:37.2,97.179,2851.793,,29 1:38.550,01:38.6,98.55,2891.274,,29 1:38.556,01:38.6,98.556,2888.476,,29 1:37.104,01:37.1,97.104,2866.066,,29 1:35.854,01:35.9,95.854,2897.288,,29 1:36.963,01:37.0,96.963,2845.873,,29 1:36.600,01:36.6,96.6,2836.13,,29 1:37.965,01:38.0,97.965,2880.265,,29 1:36.837,01:36.8,96.837,2900.989,,29 1:37.960,01:38.0,97.96,2882.579,,29 1:37.777,01:37.8,97.777,2875.465,,29 1:57.076,01:57.1,117.076,2896.385,,29 1:38.654,01:38.7,98.654,2890.528,,29 1:36.786,01:36.8,96.786,2854.32,,29 1:37.066,01:37.1,97.066,2844.671,,28,2722.704,0,14.495,26.206,16.826,34.83,24.901,46.258,78.73,28.579,31.91,67.216,70.02,54.984,61.915,60.477,150.725,59.596,81.448,69.17,56.605
30 1:35.771,01:35.8,95.771,2914.268,,30 1:36.313,01:36.3,96.313,2929.949,,30 1:35.715,01:35.7,95.715,3090.725,,30 1:37.968,01:38.0,97.968,2979.028,,30 1:36.986,01:37.0,96.986,2945.31,,30 1:37.177,01:37.2,97.177,2948.97,,30 1:38.832,01:38.8,98.832,2990.106,,30 P 1:41.210,01:41.2,101.21,2989.686,,30 1:36.982,01:37.0,96.982,2963.048,,30 1:35.632,01:35.6,95.632,2992.92,,30 1:37.158,01:37.2,97.158,2943.031,,30 1:36.337,01:36.3,96.337,2932.467,,30 1:38.040,01:38.0,98.04,2978.305,,30 1:36.691,01:36.7,96.691,2997.68,,30 1:37.978,01:38.0,97.978,2980.557,,30 1:37.477,01:37.5,97.477,2972.942,,30 1:35.458,01:35.5,95.458,2991.843,,30 P 1:41.252,01:41.3,101.252,2991.78,,30 1:37.244,01:37.2,97.244,2951.564,,30 1:37.186,01:37.2,97.186,2941.857,,29,2818.497,0,15.139,27.376,17.633,35.823,26.174,47.569,78.791,29.827,33.296,69.979,72.777,56.968,64.082,62.563,176.513,61.768,82.492,72.031,77.888
31 1:35.679,01:35.7,95.679,3009.947,,31 1:36.339,01:36.3,96.339,3026.288,,31 1:36.713,01:36.7,96.713,3187.438,,31 1:38.135,01:38.1,98.135,3077.163,,31 1:37.083,01:37.1,97.083,3042.393,,31 1:37.570,01:37.6,97.57,3046.54,,31 P 1:40.432,01:40.4,100.432,3090.538,,31 1:59.322,01:59.3,119.322,3109.008,,31 1:36.957,01:37.0,96.957,3060.005,,31 1:36.202,01:36.2,96.202,3089.122,,31 1:37.031,01:37.0,97.031,3040.062,,31 1:36.537,01:36.5,96.537,3029.004,,31 1:38.000,01:38.0,98,3076.305,,31 1:36.578,01:36.6,96.578,3094.258,,31 1:38.154,01:38.2,98.154,3078.711,,31 1:37.468,01:37.5,97.468,3070.41,,31 1:36.297,01:36.3,96.297,3088.14,,31 2:50.266,02:50.3,170.266,3162.046,,31 1:36.975,01:37.0,96.975,3048.539,,31 P 1:39.405,01:39.4,99.405,3041.262,,30,2914.268,0,15.681,28.763,18.199,37.296,27.589,48.78,78.652,31.042,34.702,75.418,75.838,58.674,66.289,64.76,176.457,64.037,83.412,77.512,77.575
32 1:35.886,01:35.9,95.886,3105.833,,32 1:36.276,01:36.3,96.276,3122.564,,32 1:36.563,01:36.6,96.563,3284.001,,32 1:38.183,01:38.2,98.183,3175.346,,32 1:37.171,01:37.2,97.171,3139.564,,32 1:37.163,01:37.2,97.163,3143.703,,32 1:59.770,01:59.8,119.77,3210.308,,32 1:36.887,01:36.9,96.887,3205.895,,32 1:37.056,01:37.1,97.056,3157.061,,32 1:35.821,01:35.8,95.821,3184.943,,32 1:36.941,01:36.9,96.941,3137.003,,32 1:36.762,01:36.8,96.762,3125.766,,32 P 1:40.565,01:40.6,100.565,3176.87,,32 1:36.935,01:36.9,96.935,3191.193,,32 1:38.025,01:38.0,98.025,3176.736,,32 1:37.847,01:37.8,97.847,3168.257,,32 1:36.048,01:36.0,96.048,3184.188,,32 1:36.763,01:36.8,96.763,3258.809,,32 1:37.325,01:37.3,97.325,3145.864,,32 1:57.267,01:57.3,117.267,3158.529,,31,3009.947,0,16.341,30.115,19.057,38.592,31.315,50.058,79.175,32.446,36.593,99.061,80.591,60.463,68.764,67.216,177.491,66.358,84.311,152.099,78.193
33 1:35.863,01:35.9,95.863,3201.696,,33 1:36.564,01:36.6,96.564,3219.128,,33 1:37.433,01:37.4,97.433,3381.434,,33 1:38.346,01:38.3,98.346,3273.692,,33 P 1:39.626,01:39.6,99.626,3239.19,,33 1:37.088,01:37.1,97.088,3240.791,,33 1:36.112,01:36.1,96.112,3306.42,,33 1:36.704,01:36.7,96.704,3302.599,,33 1:37.202,01:37.2,97.202,3254.263,,33 1:36.349,01:36.3,96.349,3281.292,,33 1:36.741,01:36.7,96.741,3233.744,,33 1:36.556,01:36.6,96.556,3222.322,,33 1:56.655,01:56.7,116.655,3293.525,,33 1:36.784,01:36.8,96.784,3287.977,,33 1:38.150,01:38.2,98.15,3274.886,,33 1:37.498,01:37.5,97.498,3265.755,,33 1:37.971,01:38.0,97.971,3282.159,,33 1:36.202,01:36.2,96.202,3355.011,,33 P 1:39.696,01:39.7,99.696,3245.56,,33 1:35.838,01:35.8,95.838,3254.367,,32,3105.833,0,16.731,31.17,19.933,40.031,52.696,51.228,79.11,33.731,37.87,100.062,104.475,62.424,70.903,69.513,178.168,71.037,85.36,152.976,78.355
34 1:36.133,01:36.1,96.133,3297.829,,34 1:36.378,01:36.4,96.378,3315.506,,34 1:36.475,01:36.5,96.475,3477.909,,34 1:37.750,01:37.8,97.75,3371.442,,34 1:56.898,01:56.9,116.898,3356.088,,34 P 1:39.211,01:39.2,99.211,3340.002,,34 1:36.622,01:36.6,96.622,3403.042,,34 1:36.226,01:36.2,96.226,3398.825,,34 1:37.601,01:37.6,97.601,3351.864,,34 1:36.332,01:36.3,96.332,3377.624,,34 P 1:39.614,01:39.6,99.614,3333.358,,34 1:36.551,01:36.6,96.551,3318.873,,34 1:35.570,01:35.6,95.57,3389.095,,34 1:36.692,01:36.7,96.692,3384.669,,34 1:38.246,01:38.2,98.246,3373.132,,34 P 1:40.835,01:40.8,100.835,3366.59,,34 1:36.518,01:36.5,96.518,3378.677,,34 1:38.009,01:38.0,98.009,3453.02,,34 1:54.974,01:55.0,114.974,3360.534,,34 1:35.241,01:35.2,95.241,3349.608,,33,3201.696,0,17.432,32.048,20.626,43.864,52.671,52.567,79.596,37.494,39.095,100.903,104.724,64.059,73.19,71.996,179.738,91.829,86.281,153.315,80.463
35 1:36.018,01:36.0,96.018,3393.847,,35 1:36.776,01:36.8,96.776,3412.282,,35 1:36.859,01:36.9,96.859,3574.768,,35 1:37.767,01:37.8,97.767,3469.209,,35 1:34.476,01:34.5,94.476,3450.564,,35 1:59.703,01:59.7,119.703,3459.705,,35 1:36.313,01:36.3,96.313,3499.355,,35 1:36.354,01:36.4,96.354,3495.179,,35 1:37.273,01:37.3,97.273,3449.137,,35 1:36.242,01:36.2,96.242,3473.866,,35 1:56.166,01:56.2,116.166,3449.524,,35 P 1:39.274,01:39.3,99.274,3418.147,,35 1:35.698,01:35.7,95.698,3484.793,,35 1:36.959,01:37.0,96.959,3481.628,,35 P 1:40.595,01:40.6,100.595,3473.727,,35 1:57.417,01:57.4,117.417,3484.007,,35 1:36.546,01:36.5,96.546,3475.223,,35 1:36.578,01:36.6,96.578,3549.598,,35 1:35.489,01:35.5,95.489,3456.023,,35 1:35.772,01:35.8,95.772,3445.38,,34,3297.829,0,17.677,35.529,21.044,62.705,51.779,54.035,79.795,58.259,42.173,100.996,105.213,68.761,75.303,73.613,180.08,91.266,86.84,155.191,80.848
36 1:36.205,01:36.2,96.205,3490.052,,36 P 1:39.365,01:39.4,99.365,3511.647,,36 1:36.462,01:36.5,96.462,3671.23,,36 P 1:40.333,01:40.3,100.333,3569.542,,36 1:35.690,01:35.7,95.69,3546.254,,36 1:35.153,01:35.2,95.153,3554.858,,36 1:36.450,01:36.5,96.45,3595.805,,36 1:37.229,01:37.2,97.229,3592.408,,36 1:38.343,01:38.3,98.343,3547.48,,36 1:36.086,01:36.1,96.086,3569.952,,36 1:34.090,01:34.1,94.09,3543.614,,36 1:55.620,01:55.6,115.62,3533.767,,36 1:35.851,01:35.9,95.851,3580.644,,36 1:36.795,01:36.8,96.795,3578.423,,36 1:56.995,01:57.0,116.995,3590.722,,36 1:37.706,01:37.7,97.706,3581.713,,36 1:36.931,01:36.9,96.931,3572.154,,36 1:36.792,01:36.8,96.792,3646.39,,36 1:35.279,01:35.3,95.279,3551.302,,36 1:35.434,01:35.4,95.434,3540.814,,35,3393.847,0,18.435,55.677,24.3,62.176,51.533,55.29,80.019,56.717,65.858,101.332,105.508,90.16,79.88,75.362,180.921,90.946,87.781,155.751,81.376
37 P 1:39.234,01:39.2,99.234,3589.286,,37 1:55.808,01:55.8,115.808,3627.455,,37 1:36.785,01:36.8,96.785,3768.015,,37 1:57.632,01:57.6,117.632,3687.174,,37 1:35.067,01:35.1,95.067,3641.321,,37 1:34.774,01:34.8,94.774,3649.632,,37 1:36.629,01:36.6,96.629,3692.434,,37 1:36.580,01:36.6,96.58,3688.988,,37 1:36.799,01:36.8,96.799,3644.279,,37 1:35.987,01:36.0,95.987,3665.939,,37 1:34.897,01:34.9,94.897,3638.511,,37 1:35.302,01:35.3,95.302,3629.069,,37 1:35.741,01:35.7,95.741,3676.385,,37 1:36.723,01:36.7,96.723,3675.146,,37 1:35.163,01:35.2,95.163,3685.885,,37 1:35.833,01:35.8,95.833,3677.546,,37 1:36.805,01:36.8,96.805,3668.959,,37 1:38.008,01:38.0,98.008,3744.398,,37 1:35.597,01:35.6,95.597,3646.899,,37 1:35.481,01:35.5,95.481,3636.295,,36,3490.052,0,21.595,53.562,43.715,61.25,50.762,57.428,79.9,56.202,64.806,102.356,105.753,91.661,100.67,79.49,181.178,90.592,88.371,156.338,82.102
38 1:56.445,01:56.4,116.445,3705.731,,38 1:34.804,01:34.8,94.804,3722.259,,38 1:36.732,01:36.7,96.732,3864.747,,38 1:36.129,01:36.1,96.129,3783.303,,38 1:35.149,01:35.1,95.149,3736.47,,38 1:35.298,01:35.3,95.298,3744.93,,38 1:36.802,01:36.8,96.802,3789.236,,38 1:36.814,01:36.8,96.814,3785.802,,38 1:37.297,01:37.3,97.297,3741.576,,38 1:36.364,01:36.4,96.364,3762.303,,38 1:34.783,01:34.8,94.783,3733.294,,38 1:35.100,01:35.1,95.1,3724.169,,38 1:36.042,01:36.0,96.042,3772.427,,38 1:40.083,01:40.1,100.083,3775.229,,38 1:35.460,01:35.5,95.46,3781.345,,38 1:37.046,01:37.0,97.046,3774.592,,38 1:36.857,01:36.9,96.857,3765.816,,38 1:37.774,01:37.8,97.774,3842.172,,38 1:34.966,01:35.0,94.966,3741.865,,38 1:35.479,01:35.5,95.479,3731.774,,37,3589.286,0,38.169,49.225,39.783,57.613,47.009,54.993,76.653,52.035,60.346,99.702,103.148,88.26,96.599,97.888,178.729,87.099,85.86,155.112,79.673
39 1:32.608,01:32.6,92.608,3798.339,,39 1:34.607,01:34.6,94.607,3816.866,,39 1:37.016,01:37.0,97.016,3961.763,,39 1:35.856,01:35.9,95.856,3879.159,,39 1:34.880,01:34.9,94.88,3831.35,,39 1:34.983,01:35.0,94.983,3839.913,,39 1:36.537,01:36.5,96.537,3885.773,,39 1:36.552,01:36.6,96.552,3882.354,,39 1:37.946,01:37.9,97.946,3839.522,,39 1:36.353,01:36.4,96.353,3858.656,,39 1:35.087,01:35.1,95.087,3828.381,,39 1:34.709,01:34.7,94.709,3818.878,,39 1:35.876,01:35.9,95.876,3868.303,,39 1:37.476,01:37.5,97.476,3872.705,,39 1:35.475,01:35.5,95.475,3876.82,,39 1:36.125,01:36.1,96.125,3870.717,,39 1:36.637,01:36.6,96.637,3862.453,,39 1:37.189,01:37.2,97.189,3939.361,,39 1:34.722,01:34.7,94.722,3836.587,,39 1:35.204,01:35.2,95.204,3826.978,,38,3705.731,0,16.528,27.563,18.438,36.134,26.043,35.845,56.572,30.739,39.199,80.071,83.505,68.861,75.614,77.572,159.016,66.696,69.498,136.441,60.085
40 1:36.589,01:36.6,96.589,3894.928,,40 1:34.364,01:34.4,94.364,3911.23,,40 P 1:39.817,01:39.8,99.817,4061.58,,40 1:35.723,01:35.7,95.723,3974.882,,40 1:35.276,01:35.3,95.276,3926.626,,40 1:35.005,01:35.0,95.005,3934.918,,40 1:36.742,01:36.7,96.742,3982.515,,40 1:36.608,01:36.6,96.608,3978.962,,40 1:38.061,01:38.1,98.061,3937.583,,40 1:36.485,01:36.5,96.485,3955.141,,40 1:34.859,01:34.9,94.859,3923.24,,40 1:34.739,01:34.7,94.739,3913.617,,40 1:36.071,01:36.1,96.071,3964.374,,40 1:37.088,01:37.1,97.088,3969.793,,40 1:35.578,01:35.6,95.578,3972.398,,40 1:36.263,01:36.3,96.263,3966.98,,40 1:36.683,01:36.7,96.683,3959.136,,40 1:37.393,01:37.4,97.393,4036.754,,40 1:35.041,01:35.0,95.041,3931.628,,40 1:35.065,01:35.1,95.065,3922.043,,39,3798.339,0,18.527,30.042,20.539,38.248,28.639,41.183,60.317,33.011,41.574,84.015,87.434,72.378,78.481,80.82,163.424,69.964,74.366,141.022,64.114
41 1:35.290,01:35.3,95.29,3990.218,,41 1:34.400,01:34.4,94.4,4005.63,,41 2:00.282,02:00.3,120.282,4181.862,,41 1:35.885,01:35.9,95.885,4070.767,,41 1:35.069,01:35.1,95.069,4021.695,,41 1:35.109,01:35.1,95.109,4030.027,,41 1:36.571,01:36.6,96.571,4079.086,,41 1:36.621,01:36.6,96.621,4075.583,,41 P 1:40.261,01:40.3,100.261,4037.844,,41 1:36.322,01:36.3,96.322,4051.463,,41 1:35.028,01:35.0,95.028,4018.268,,41 1:35.041,01:35.0,95.041,4008.658,,41 1:36.340,01:36.3,96.34,4060.714,,41 P 1:39.569,01:39.6,99.569,4069.362,,41 1:35.644,01:35.6,95.644,4068.042,,41 1:36.179,01:36.2,96.179,4063.159,,41 1:36.695,01:36.7,96.695,4055.831,,41 1:36.437,01:36.4,96.437,4133.191,,41 1:34.940,01:34.9,94.94,4026.568,,41 1:35.093,01:35.1,95.093,4017.136,,40,3894.928,0,16.302,28.312,18.689,36.7,27.115,42.655,60.213,31.698,39.99,84.034,87.587,72.052,77.47,79.954,166.652,69.446,74.865,141.826,64.208
42 1:34.667,01:34.7,94.667,4084.885,,42 1:34.525,01:34.5,94.525,4100.155,,42 1:34.735,01:34.7,94.735,4276.597,,42 1:35.799,01:35.8,95.799,4166.566,,42 1:35.165,01:35.2,95.165,4116.86,,42 1:35.341,01:35.3,95.341,4125.368,,42 1:36.631,01:36.6,96.631,4175.717,,42 1:36.592,01:36.6,96.592,4172.175,,42 1:56.899,01:56.9,116.899,4154.743,,42 1:36.343,01:36.3,96.343,4147.806,,42 1:34.982,01:35.0,94.982,4113.25,,42 1:34.861,01:34.9,94.861,4103.519,,42 1:36.310,01:36.3,96.31,4157.024,,42 1:56.108,01:56.1,116.108,4185.47,,42 1:35.338,01:35.3,95.338,4163.38,,42 1:35.981,01:36.0,95.981,4159.14,,42 1:36.652,01:36.7,96.652,4152.483,,42 1:36.374,01:36.4,96.374,4229.565,,42 1:34.996,01:35.0,94.996,4121.564,,42 1:35.136,01:35.1,95.136,4112.272,,41,3990.218,0,15.412,28.05,18.44,36.35,26.918,47.626,61.245,31.477,39.809,85.365,88.868,72.941,77.824,80.549,191.644,70.496,79.144,142.973,65.613
43 1:34.151,01:34.2,94.151,4179.036,,43 1:34.797,01:34.8,94.797,4194.952,,43 1:35.001,01:35.0,95.001,4371.598,,43 1:35.766,01:35.8,95.766,4262.332,,43 1:35.295,01:35.3,95.295,4212.155,,43 1:35.258,01:35.3,95.258,4220.626,,43 P 1:39.291,01:39.3,99.291,4275.008,,43 1:36.679,01:36.7,96.679,4268.854,,43 1:35.107,01:35.1,95.107,4249.85,,43 1:36.304,01:36.3,96.304,4244.11,,43 1:35.192,01:35.2,95.192,4208.442,,43 1:34.795,01:34.8,94.795,4198.314,,43 1:36.232,01:36.2,96.232,4253.256,,43 1:35.760,01:35.8,95.76,4281.23,,43 1:35.560,01:35.6,95.56,4258.94,,43 1:35.956,01:36.0,95.956,4255.096,,43 1:36.771,01:36.8,96.771,4249.254,,43 1:36.569,01:36.6,96.569,4326.134,,43 1:34.935,01:34.9,94.935,4216.499,,43 1:35.193,01:35.2,95.193,4207.465,,42,4084.885,0,15.27,28.365,18.634,36.679,27.387,69.858,62.921,31.975,40.483,87.29,90.832,74.255,78.495,81.681,191.712,72.139,100.585,144.68,67.598
44 1:34.531,01:34.5,94.531,4273.567,,44 1:34.799,01:34.8,94.799,4289.751,,44 1:35.130,01:35.1,95.13,4466.728,,44 1:35.783,01:35.8,95.783,4358.115,,44 1:35.346,01:35.3,95.346,4307.501,,44 1:35.238,01:35.2,95.238,4315.864,,44 1:56.481,01:56.5,116.481,4391.489,,44 1:36.649,01:36.6,96.649,4365.503,,44 1:34.981,01:35.0,94.981,4344.831,,44 1:36.564,01:36.6,96.564,4340.674,,44 1:35.051,01:35.1,95.051,4303.493,,44 1:34.507,01:34.5,94.507,4292.821,,44 1:36.249,01:36.2,96.249,4349.505,,44 1:35.590,01:35.6,95.59,4376.82,,44 1:35.490,01:35.5,95.49,4354.43,,44 1:36.144,01:36.1,96.144,4351.24,,44 1:37.417,01:37.4,97.417,4346.671,,44 1:36.630,01:36.6,96.63,4422.764,,44 1:35.169,01:35.2,95.169,4311.668,,44 1:35.162,01:35.2,95.162,4302.627,,43,4179.036,0,15.916,29.406,19.278,37.463,28.429,70.814,65.074,33.119,41.59,89.818,95.972,76.06,79.904,83.296,192.562,74.22,102.194,147.098,70.218
45 1:34.249,01:34.2,94.249,4367.816,,45 1:34.592,01:34.6,94.592,4384.343,,45 1:35.333,01:35.3,95.333,4562.061,,45 1:35.758,01:35.8,95.758,4453.873,,45 1:35.338,01:35.3,95.338,4402.839,,45 1:35.306,01:35.3,95.306,4411.17,,45 1:34.805,01:34.8,94.805,4486.294,,45 1:38.049,01:38.0,98.049,4463.552,,45 1:34.872,01:34.9,94.872,4439.703,,45 1:36.243,01:36.2,96.243,4436.917,,45 1:35.220,01:35.2,95.22,4398.713,,45 1:34.790,01:34.8,94.79,4387.611,,45 1:36.349,01:36.3,96.349,4445.854,,45 1:35.119,01:35.1,95.119,4471.939,,45 1:35.570,01:35.6,95.57,4450,,45 1:35.964,01:36.0,95.964,4447.204,,45 1:36.680,01:36.7,96.68,4443.351,,45 1:36.663,01:36.7,96.663,4519.427,,45 1:35.184,01:35.2,95.184,4406.852,,45 1:35.276,01:35.3,95.276,4397.903,,44,4273.567,0,16.184,29.926,19.254,38.101,29.06,71.264,67.107,33.934,42.297,91.936,117.922,77.673,80.863,84.548,193.161,75.938,103.253,149.197,73.104
46 1:34.193,01:34.2,94.193,4462.009,,46 1:34.844,01:34.8,94.844,4479.187,,46 1:35.939,01:35.9,95.939,4658,,46 1:36.008,01:36.0,96.008,4549.881,,46 1:35.371,01:35.4,95.371,4498.21,,46 1:35.296,01:35.3,95.296,4506.466,,46 1:35.293,01:35.3,95.293,4581.587,,46 1:36.975,01:37.0,96.975,4560.527,,46 1:35.126,01:35.1,95.126,4534.829,,46 1:36.379,01:36.4,96.379,4533.296,,46 1:35.058,01:35.1,95.058,4493.771,,46 1:34.853,01:34.9,94.853,4482.464,,46 1:36.446,01:36.4,96.446,4542.3,,46 1:34.834,01:34.8,94.834,4566.773,,46 1:35.507,01:35.5,95.507,4545.507,,46 1:36.187,01:36.2,96.187,4543.391,,46 1:36.741,01:36.7,96.741,4540.092,,46 1:36.297,01:36.3,96.297,4615.724,,46 1:35.285,01:35.3,95.285,4502.137,,46 1:36.657,01:36.7,96.657,4494.56,,45,4367.816,0,16.527,30.897,19.795,39.036,30.087,71.887,69.101,35.023,43.354,95.736,118.478,79.388,82.184,86.057,194.245,78.038,104.123,151.611,75.535
47 1:34.239,01:34.2,94.239,4556.248,,47 1:34.730,01:34.7,94.73,4573.917,,47 1:36.729,01:36.7,96.729,4754.729,,47 1:36.026,01:36.0,96.026,4645.907,,47 1:35.485,01:35.5,95.485,4593.695,,47 1:35.376,01:35.4,95.376,4601.842,,47 1:35.341,01:35.3,95.341,4676.928,,47 1:36.656,01:36.7,96.656,4657.183,,47 1:35.225,01:35.2,95.225,4630.054,,47 1:36.298,01:36.3,96.298,4629.594,,47 1:35.057,01:35.1,95.057,4588.828,,47 1:34.901,01:34.9,94.901,4577.365,,47 1:36.454,01:36.5,96.454,4638.754,,47 1:35.226,01:35.2,95.226,4661.999,,47 1:35.831,01:35.8,95.831,4641.338,,47 1:36.396,01:36.4,96.396,4639.787,,47 1:36.561,01:36.6,96.561,4636.653,,47 1:36.604,01:36.6,96.604,4712.328,,47 1:35.226,01:35.2,95.226,4597.363,,47 1:35.805,01:35.8,95.805,4590.365,,46,4462.009,0,17.178,31.762,20.455,40.128,32.551,72.82,71.287,36.201,44.457,98.518,119.578,81.382,83.498,87.872,195.991,80.291,104.764,153.715,78.083
48 1:34.350,01:34.4,94.35,4650.598,,48 1:34.885,01:34.9,94.885,4668.802,,48 1:35.688,01:35.7,95.688,4850.417,,48 1:36.135,01:36.1,96.135,4742.042,,48 1:35.717,01:35.7,95.717,4689.412,,48 1:35.702,01:35.7,95.702,4697.544,,48 1:35.411,01:35.4,95.411,4772.339,,48 1:37.117,01:37.1,97.117,4754.3,,48 1:34.199,01:34.2,94.199,4724.253,,48 1:37.325,01:37.3,97.325,4726.919,,48 1:35.308,01:35.3,95.308,4684.136,,48 1:34.981,01:35.0,94.981,4672.346,,48 1:36.679,01:36.7,96.679,4735.433,,48 1:35.146,01:35.1,95.146,4757.145,,48 1:36.236,01:36.2,96.236,4737.574,,48 1:36.554,01:36.6,96.554,4736.341,,48 1:36.654,01:36.7,96.654,4733.307,,48 1:36.765,01:36.8,96.765,4809.093,,48 1:36.165,01:36.2,96.165,4693.528,,48 1:36.059,01:36.1,96.059,4686.424,,47,4556.248,0,17.669,32.58,21.117,41.115,34.117,73.806,73.346,37.447,45.594,100.935,120.68,83.539,85.09,89.659,198.481,82.506,105.751,156.08,80.405
49 1:34.403,01:34.4,94.403,4745.001,,49 1:34.966,01:35.0,94.966,4763.768,,49 1:35.590,01:35.6,95.59,4946.007,,49 1:37.102,01:37.1,97.102,4839.144,,49 1:35.674,01:35.7,95.674,4785.086,,49 1:35.653,01:35.7,95.653,4793.197,,49 1:35.511,01:35.5,95.511,4867.85,,49 1:37.726,01:37.7,97.726,4852.026,,49 1:34.571,01:34.6,94.571,4818.824,,49 1:36.871,01:36.9,96.871,4823.79,,49 1:35.302,01:35.3,95.302,4779.438,,49 1:35.440,01:35.4,95.44,4767.786,,49 1:36.842,01:36.8,96.842,4832.275,,49 1:35.494,01:35.5,95.494,4852.639,,49 1:36.442,01:36.4,96.442,4834.016,,49 1:36.695,01:36.7,96.695,4833.036,,49 1:36.720,01:36.7,96.72,4830.027,,49 1:36.910,01:36.9,96.91,4906.003,,49 1:35.914,01:35.9,95.914,4789.442,,49 1:35.954,01:36.0,95.954,4782.378,,48,4650.598,0,18.204,33.538,21.748,42.93,35.826,73.655,76.321,38.814,46.946,103.702,121.741,85.743,86.976,91.444,199.819,84.835,106.547,158.495,82.709
50 1:34.783,01:34.8,94.783,4839.784,,50 1:35.082,01:35.1,95.082,4858.85,,50 1:35.660,01:35.7,95.66,5041.667,,50 1:37.616,01:37.6,97.616,4936.76,,50 1:35.657,01:35.7,95.657,4880.743,,50 1:35.984,01:36.0,95.984,4889.181,,50 1:35.228,01:35.2,95.228,4963.078,,50 1:37.784,01:37.8,97.784,4949.81,,50 1:34.677,01:34.7,94.677,4913.501,,50 1:36.541,01:36.5,96.541,4920.331,,50 1:35.383,01:35.4,95.383,4874.821,,50 1:35.142,01:35.1,95.142,4862.928,,50 1:37.035,01:37.0,97.035,4929.31,,50 1:35.167,01:35.2,95.167,4947.806,,50 1:36.609,01:36.6,96.609,4930.625,,50 1:36.827,01:36.8,96.827,4929.863,,50 1:36.792,01:36.8,96.792,4926.819,,50 1:36.910,01:36.9,96.91,5002.913,,50 1:35.612,01:35.6,95.612,4885.054,,50 1:36.181,01:36.2,96.181,4878.559,,49,4745.001,0,18.767,34.437,22.785,44.441,37.377,73.823,78.789,40.085,48.196,107.025,122.849,88.035,89.015,94.143,201.006,87.274,107.638,161.002,85.026
51 1:34.340,01:34.3,94.34,4934.124,,51 1:34.940,01:34.9,94.94,4953.79,,51 1:35.972,01:36.0,95.972,5137.639,,51 1:37.493,01:37.5,97.493,5034.253,,51 1:36.038,01:36.0,96.038,4976.781,,51 1:35.800,01:35.8,95.8,4984.981,,51 1:35.334,01:35.3,95.334,5058.412,,51 1:37.091,01:37.1,97.091,5046.901,,51 1:34.916,01:34.9,94.916,5008.417,,51 1:36.763,01:36.8,96.763,5017.094,,51 1:35.418,01:35.4,95.418,4970.239,,51 1:35.282,01:35.3,95.282,4958.21,,51 1:36.929,01:36.9,96.929,5026.239,,51 1:35.529,01:35.5,95.529,5043.335,,51 1:37.103,01:37.1,97.103,5027.728,,51 1:37.067,01:37.1,97.067,5026.93,,51 1:37.042,01:37.0,97.042,5023.861,,51 1:36.819,01:36.8,96.819,5099.732,,51 1:35.532,01:35.5,95.532,4980.586,,51 1:35.852,01:35.9,95.852,4974.411,,50,4839.784,0,19.066,35.037,23.144,45.27,38.775,73.717,80.547,40.959,49.397,110.026,123.294,90.079,90.841,96.976,201.883,89.526,108.022,163.129,87.035
52 1:34.906,01:34.9,94.906,5029.03,,52 1:35.183,01:35.2,95.183,5048.973,,52 1:35.987,01:36.0,95.987,5233.626,,52 1:36.218,01:36.2,96.218,5130.471,,52 1:35.922,01:35.9,95.922,5072.703,,52 1:36.024,01:36.0,96.024,5081.005,,52 1:35.511,01:35.5,95.511,5153.923,,52 1:38.631,01:38.6,98.631,5145.532,,52 1:34.862,01:34.9,94.862,5103.279,,52 1:36.934,01:36.9,96.934,5114.028,,52 1:35.394,01:35.4,95.394,5065.633,,52 1:35.083,01:35.1,95.083,5053.293,,52 1:36.930,01:36.9,96.93,5123.169,,52 1:35.921,01:35.9,95.921,5139.256,,52 1:37.529,01:37.5,97.529,5125.257,,52 1:39.042,01:39.0,99.042,5125.972,,52 1:37.394,01:37.4,97.394,5121.255,,52 1:36.949,01:36.9,96.949,5196.681,,52 1:35.479,01:35.5,95.479,5076.065,,52 1:36.186,01:36.2,96.186,5070.597,,51,4934.124,0,19.666,36.115,24.086,46.462,40.287,74.293,82.97,42.657,50.857,112.777,124.288,92.806,93.604,100.129,203.515,92.115,109.211,165.608,89.737
53 1:35.600,01:35.6,95.6,5124.63,,53 1:35.842,01:35.8,95.842,5144.815,,53 1:36.088,01:36.1,96.088,5329.714,,53 1:36.308,01:36.3,96.308,5226.779,,53 1:35.782,01:35.8,95.782,5168.485,,53 1:35.739,01:35.7,95.739,5176.744,,53 1:35.389,01:35.4,95.389,5249.312,,53 1:37.145,01:37.1,97.145,5242.677,,53 1:35.249,01:35.2,95.249,5198.528,,53 1:36.640,01:36.6,96.64,5210.668,,53 1:35.480,01:35.5,95.48,5161.113,,53 1:35.211,01:35.2,95.211,5148.504,,53 1:37.958,01:38.0,97.958,5221.127,,53 1:35.994,01:36.0,95.994,5235.25,,53 1:36.745,01:36.7,96.745,5222.002,,53 1:36.838,01:36.8,96.838,5222.81,,53 1:37.141,01:37.1,97.141,5218.396,,53 1:39.035,01:39.0,99.035,5295.716,,53 1:35.550,01:35.5,95.55,5171.615,,53 1:35.979,01:36.0,95.979,5166.576,,52,5029.03,0,19.943,36.603,24.263,47.035,41.567,74.249,84.998,43.673,51.975,116.502,124.893,96.942,96.227,101.441,204.596,94.139,110.226,167.651,92.225
54 1:35.334,01:35.3,95.334,5219.964,,54 1:35.459,01:35.5,95.459,5240.274,,54 1:39.614,01:39.6,99.614,5429.328,,54 1:36.334,01:36.3,96.334,5323.113,,54 1:35.934,01:35.9,95.934,5264.419,,54 1:36.107,01:36.1,96.107,5272.851,,54 1:35.853,01:35.9,95.853,5345.165,,54 1:38.707,01:38.7,98.707,5341.384,,54 1:35.745,01:35.7,95.745,5294.273,,54 1:36.693,01:36.7,96.693,5307.361,,54 1:35.265,01:35.3,95.265,5256.378,,54 1:35.309,01:35.3,95.309,5243.813,,54 1:36.890,01:36.9,96.89,5318.017,,54 1:35.786,01:35.8,95.786,5331.036,,54 1:36.661,01:36.7,96.661,5318.663,,54 1:36.672,01:36.7,96.672,5319.482,,54 1:38.389,01:38.4,98.389,5316.785,,54 1:37.095,01:37.1,97.095,5392.811,,54 1:35.974,01:36.0,95.974,5267.589,,54 1:36.013,01:36.0,96.013,5262.589,,53,5124.63,0,20.185,36.483,23.874,46.985,41.946,73.898,86.038,43.855,52.114,118.047,124.682,98.18,97.372,102.149,205.084,96.497,110.62,171.086,93.766
55 1:35.184,01:35.2,95.184,5315.148,,55 1:35.611,01:35.6,95.611,5335.885,,55 1:36.209,01:36.2,96.209,5525.537,,55 1:36.593,01:36.6,96.593,5419.706,,55 1:36.223,01:36.2,96.223,5360.642,,55 1:35.973,01:36.0,95.973,5368.824,,55 1:35.908,01:35.9,95.908,5441.073,,55 1:37.393,01:37.4,97.393,5438.777,,55 1:35.066,01:35.1,95.066,5389.339,,55 1:36.680,01:36.7,96.68,5404.041,,55 1:35.785,01:35.8,95.785,5352.163,,55 1:35.407,01:35.4,95.407,5339.22,,55 1:37.457,01:37.5,97.457,5415.474,,55 1:35.736,01:35.7,95.736,5426.772,,55 1:37.375,01:37.4,97.375,5416.038,,55 1:37.269,01:37.3,97.269,5416.751,,55 1:37.383,01:37.4,97.383,5414.168,,55 1:37.205,01:37.2,97.205,5490.016,,55 1:35.633,01:35.6,95.633,5363.222,,55 1:36.151,01:36.2,96.151,5358.74,,54,5219.964,0,20.31,36.414,23.849,47.625,42.625,74.309,87.397,44.455,52.887,121.42,125.201,99.518,98.699,103.149,209.364,98.053,111.072,172.847,96.821
56 1:34.671,01:34.7,94.671,5409.819,,56 1:35.568,01:35.6,95.568,5431.453,,,,,,,56 1:36.922,01:36.9,96.922,5516.628,,56 1:35.976,01:36.0,95.976,5456.618,,56 1:36.100,01:36.1,96.1,5464.924,,56 1:36.086,01:36.1,96.086,5537.159,,56 1:37.415,01:37.4,97.415,5536.192,,56 1:35.014,01:35.0,95.014,5484.353,,56 1:36.582,01:36.6,96.582,5500.623,,56 1:35.924,01:35.9,95.924,5448.087,,56 1:35.305,01:35.3,95.305,5434.525,,56 1:37.584,01:37.6,97.584,5513.058,,56 1:35.602,01:35.6,95.602,5522.374,,56 1:37.662,01:37.7,97.662,5513.7,,56 1:37.473,01:37.5,97.473,5514.224,,56 1:37.333,01:37.3,97.333,5511.501,,56 1:37.956,01:38.0,97.956,5587.972,,56 1:35.706,01:35.7,95.706,5458.928,,56 1:36.350,01:36.4,96.35,5455.09,,55,5315.148,0,20.737,37.015,24.072,48.074,43.592,74.191,88.893,45.494,53.676,123.629,125.925,101.603,100.89,104.558,210.389,100.326,111.624,174.868,99.02
57 1:34.923,01:34.9,94.923,5504.742,,57 1:35.746,01:35.7,95.746,5527.199,,,,,,,,,,,,57 1:36.582,01:36.6,96.582,5553.2,,57 1:35.920,01:35.9,95.92,5560.844,,,,,,,,,,,,57 1:35.276,01:35.3,95.276,5579.629,,57 1:37.335,01:37.3,97.335,5597.958,,57 1:36.324,01:36.3,96.324,5544.411,,57 1:35.327,01:35.3,95.327,5529.852,,,,,,,,,,,,,,,,,,,,,,,,,,,,,,,,57 1:36.138,01:36.1,96.138,5555.066,,57 1:36.440,01:36.4,96.44,5551.53,,56,5409.819,0,21.634,38.268,24.706,49.109,45.271,74.534,90.804,46.799,55.105,126.373,127.34,104.405,103.881,106.809,,103.239,112.555,178.153,101.682
,,,,,,,,,,,,,,,,,,,,,,,,,,,,,,,,,,,,,,,,,,,,,,,,,,,,,,,,,,,,,,,,,,,,,,,,,,,,,,,,,,,,,,,,,,,,,,,,,,,,57,5504.742,0,22.457,39.669,25.11,50.324,46.788,74.887,93.216,48.458,56.102,,,,,,,,,,
